expression,reading,sentence,sentence_kana,sentence_audio,expression_audio,image_uri
元気,げんき,おかげさまで元気です,おかげさまで げんき です,元気_sentence.mp3,元気.mp3,,
勉強,べんきょう,日本語を勉強しています,にほんご を べんきょう しています,,,,
それ,それ,それは本当に素晴らしいですね。,それ は ほんとうに すばらしい です ね。,,,,
恐ろしい,おそろしい,その山道は恐ろしいほど急だ。,その やまみち は おそろしい ほど きゅう だ。,,,,
一つ,ひとつ,りんごを一つください。,りんご を ひとつ ください。,,,,
まあ,まあ,まあ、しょうがないですね。,まあ、しょうがない です ね。,,,,
一,いち,一から始めましょう。,いち から はじめましょう。,,,,
見える,みえる,星が空に見える。,ほし が そら に みえる。,,,,
頃,ころ,子供の頃を思い出す。,こども の ころ を おもいだす。,,,,
小さい,ちいさい,小さい犬が庭にいる。,ちいさい いぬ が にわ に いる。,,,,
古い,ふるい,この家は古いけど丈夫だ。,この いえ は ふるい けど じょうぶ だ。,,,,
動く,うごく,ロボットが動いている。,ろぼっと が うごいている。,,,,
足,あし,足が痛いです。,あし が いたい です,,,,
逃げる,にげる,彼は警察から逃げた。,かれ は けいさつ から にげた。,,,,
どうして,どうして,どうして来なかったの？,どうして こなかった の？,,,,
時々,ときどき,時々海に行きます。,ときどき うみ に いきます,,,,
忙しい,いそがしい,今週はとても忙しいです。,こんしゅう は とても いそがしい です,,,,
田,た,田んぼで働いている。,たんぼ で はたらいている,,,,
今,いま,今は何時ですか？,いま は なんじ です か？,,,,
十分,じゅうぶん,時間は十分あります。,じかん は じゅうぶん あります,,,,
急ぐ,いそぐ,バスに急ごう。,ばす に いそごう,,,,
手入れ,ていれ,庭の手入れをしました。,にわ の ていれ を しました,,,,
賢い,かしこい,彼はとても賢い学生です。,かれ は とても かしこい がくせい です,,,,
来る,くる,友達が来ます。,ともだち が きます,,,,
応援,おうえん,試合で応援します。,しあい で おうえん します,,,,
お祖母さん,おばあさん,お祖母さんと一緒に住んでいます。,おばあさん と いっしょ に すんでいます,,,,
隣,となり,隣の部屋は空いている。,となり の へや は あいている,,,,
センター,センター,町のセンターに行きました。,まち の せんたー に いきました,,,,
管理,かんり,データ管理をしています。,でーた かんり を しています,,,,
お姉さん,おねえさん,お姉さんは学校に行っています。,おねえさん は がっこう に いっています,,,,
大変,たいへん,仕事は大変です。,しごと は たいへん です,,,,
夢,ゆめ,いい夢を見ました。,いい ゆめ を みました,,,,
時,とき,学生の時、楽しかったです。,がくせい の とき、たのしかった です,,,,
やっぱり,やっぱり,やっぱり雨が降った。,やっぱり あめ が ふった,,,,
便所,べんじょ,便所はどこですか？,べんじょ は どこ です か？,,,,
階段,かいだん,階段を上がってください。,かいだん を あがって ください,,,,
仕事,しごと,仕事を終わらせた。,しごと を おわらせた,,,,
上,うえ,机の上に本があります。,つくえ の うえ に ほん が あります,,,,
入る,はいる,部屋に入ってください。,へや に はいって ください,,,,
出る,でる,部屋から出てください。,へや から でて ください,,,,
目,め,目が痛いです。,め が いたい です,,,,
どこ,どこ,どこに行きたいですか？,どこ に いきたい です か？,,,,
好き,すき,私は日本料理が好きです。,わたし は にほんりょうり が すき です,,,,
気,き,気をつけてください。,き を つけて ください,,,,
天気,てんき,今日はいい天気ですね。,きょう は いい てんき です ね。,,,,
開ける,あける,窓を開けてください。,まど を あけて ください,,,,
見せる,みせる,写真を見せてください。,しゃしん を みせて ください,,,,
ここ,ここ,ここに座ってください。,ここ に すわって ください,,,,
部屋,へや,部屋を掃除しました。,へや を そうじ しました,,,,
早い,はやい,電車は早いですね。,でんしゃ は はやい です ね。,,,,
お願い,おねがい,少し待ってください、お願いします。,すこし まって ください、おねがいします,,,,
落ちる,おちる,リンゴが木から落ちました。,りんご が き から おちました,,,,
木,き,公園に大きな木があります。,こうえん に おおきな き が あります,,,,
何か,なにか,何か質問はありますか？,なにか しつもん は あります か？,,,,
中,なか,箱の中を見てください。,はこ の なか を みて ください,,,,
雨,あめ,雨が降っています。,あめ が ふっています,,,,
明るい,あかるい,彼は明るい性格です。,かれ は あかるい せいかく です,,,,
暗い,くらい,部屋が暗いですね。,へや が くらい です ね。,,,,
黒い,くろい,黒い猫がいました。,くろい ねこ が いました,,,,
魚,さかな,魚を食べました。,さかな を たべました,,,,
急に,きゅうに,急に雨が降り出しました。,きゅうに あめ が ふりだしました,,,,
運ぶ,はこぶ,箱を部屋に運びました。,はこ を へや に はこびました,,,,
早く,はやく,早く帰ってください。,はやく かえって ください,,,,
橋,はし,橋を渡りました。,はし を わたりました,,,,
裏,うら,家の裏に庭があります。,いえ の うら に にわ が あります,,,,
草,くさ,草を刈りました。,くさ を かりました,,,,
壁,かべ,壁に絵がかかっています。,かべ に え が かかっています,,,,
湯,ゆ,湯を沸かしています。,ゆ を わかしています,,,,
戸,と,戸を閉めてください。,と を しめて ください,,,,
こんなに,こんなに,こんなに美しい景色は見たことがありません。,こんなに うつくしい けしき は みたこと が ありません,,,,
お巡りさん,おまわりさん,お巡りさんに道を聞きました。,おまわりさん に みち を ききました,,,,
腐る,くさる,牛乳が腐りました。,ぎゅうにゅう が くさりました,,,,
絵本,えほん,子供に絵本を読みました。,こども に えほん を よみました,,,,
いらっしゃる,いらっしゃる,先生がいらっしゃいました。,せんせい が いらっしゃいました,,,,
きらりと,きらりと,星がきらりと光りました。,ほし が きらりと ひかりました,,,,
光,ひかり,太陽の光が強いです。,たいよう の ひかり が つよい です,,,,
玉,たま,丸い玉を拾いました。,まるい たま を ひろいました,,,,
気に入る,きにいる,この本が気に入りました。,この ほん が きにいりました,,,,
光る,ひかる,時計が光っています。,とけい が ひかっています,,,,
引っ越し,ひっこし,引っ越しの準備をしています。,ひっこし の じゅんび を しています,,,,
引っ越す,ひっこす,新しい家に引っ越しました。,あたらしい いえ に ひっこしました,,,,
お父さん,おとうさん,お父さんが料理を作っています。,おとうさん が りょうり を つくっています,,,,
郊外,こうがい,郊外に住んでいます。,こうがい に すんでいます,,,,
移る,うつる,彼は新しい職場に移りました。,かれ は あたらしい しょくば に うつりました,,,,
隠れる,かくれる,猫が机の下に隠れています。,ねこ が つくえ の した に かくれています,,,,
ああ,ああ,ああ、それは大変ですね。,ああ、それ は たいへん です ね,,,,
あいづち,あいづち,彼の話にあいづちを打った。,かれ の はなし に あいづち を うった,,,,
あいにく,あいにく,あいにくですが、その日は予定があります。,あいにく です が、その ひ は よてい が あります,,,,
あえて,あえて,彼はあえて困難に挑戦した。,かれ は あえて こんなん に ちょうせん した,,,,
あきれる,あきれる,彼の態度にあきれた。,かれ の たいど に あきれた,,,,
あくび,あくび,眠くてあくびをした。,ねむくて あくび を した,,,,
あぐら,あぐら,彼はあぐらをかいて座った。,かれ は あぐら を かいて すわった,,,,
あげる,あげる,この本を友達にあげた。,この ほん を ともだち に あげた,,,,
あそこ,あそこ,あそこに行きたいです。,あそこ に いきたい です,,,,
あだな,あだな,彼のあだなは「たけちゃん」です。,かれ の あだな は「たけちゃん」です,,,,
あちこち,あちこち,朝からあちこち歩いた。,あさ から あちこち あるいた,,,,
あちら,あちら,あちらに座ってください。,あちら に すわって ください,,,,
あちらこちら,あちらこちら,あちらこちらで紅葉がきれいです。,あちらこちら で こうよう が きれい です,,,,
あっさり,あっさり,彼はあっさりと負けを認めた。,かれ は あっさり と まけ を みとめた,,,,
あっち,あっち,郵便局はあっちです。,ゆうびんきょく は あっち です,,,,
あなた,あなた,あなたの名前は何ですか。,あなた の なまえ は なん です か,,,,
あふれる,あふれる,川の水があふれている。,かわ の みず が あふれて いる,,,,
あまり,あまり,あまり気にしないでください。,あまり き に しない で ください,,,,
あらかじめ,あらかじめ,あらかじめ必要なものを書いておいた。,あらかじめ ひつよう な もの を かいて おいた,,,,
あり,あり,ありが砂糖にたかっている。,あり が さとう に たかって いる,,,,
あれ,あれ,あれは何ですか。,あれ は なん です か,,,,
あれこれ,あれこれ,服を買うのにあれこれ迷った。,ふく を かう の に あれこれ まよった,,,,
あんなに,あんなに,あんなに楽しい時間を過ごした。,あんなに たのしい じかん を すごした,,,,
あんまり,あんまり,あんまり好きじゃない。,あんまり すき じゃ ない,,,,
いい加減,いいかげん,いい加減なことを言わないでください。,いいかげん な こと を いわない で ください,,,,
いか,いか,いかの刺身を食べた。,いか の さしみ を たべた,,,,
いかが,いかが,紅茶はいかがですか。,こうちゃ は いかが です か,,,,
いかに,いかに,彼がいかに素晴らしい人かを知った。,かれ が いかに すばらしい ひと か を しった,,,,
いかにも,いかにも,彼はいかにも賢そうだ。,かれ は いかにも かしこそう だ,,,,
いきなり,いきなり,いきなり雨が降り出した。,いきなり あめ が ふりだした,,,,
いけない,いけない,遅刻してはいけない。,ちこく して は いけない,,,,
いずれ,いずれ,いずれまた会いましょう。,いずれ また あいましょう,,,,
岸,きし,川の岸でピクニックをした。,かわ の きし で ぴくにっく を した,,,,
いたずら,いたずら,子供がいたずらをして怒られた。,こども が いたずら を して おこられた,,,,
いちいち,いちいち,いちいち説明しなくてもいいよ。,いちいち せつめい しなくても いい よ,,,,
いつ,いつ,いつ日本に来ますか。,いつ にほん に きます か,,,,
いつか,いつか,いつかまた会いましょう。,いつか また あいましょう,,,,
いつごろ,いつごろ,試験はいつごろですか。,しけん は いつごろ です か,,,,
いつでも,いつでも,いつでも連絡してください。,いつでも れんらく して ください,,,,
いつのまに,いつのまに,いつのまにか雨が止んでいた。,いつのまにか あめ が やんで いた,,,,
いつのまにか,いつのまにか,いつのまにか眠ってしまった。,いつのまにか ねむって しまった,,,,
いつまでも,いつまでも,いつまでも健康でいてください。,いつまでも けんこう で いて ください,,,,
いつも,いつも,彼女はいつも笑顔です。,かのじょ は いつも えがお です,,,,
いとこ,いとこ,いとこと一緒に旅行した。,いとこ と いっしょ に りょこう した,,,,
いびき,いびき,彼のいびきがうるさかった。,かれ の いびき が うるさかった,,,,
いやいや,いやいや,いやいや仕事をするのはつらい。,いやいや しごと を する の は つらい,,,,
いやらしい,いやらしい,いやらしい目で見ないで。,いやらしい め で みないで,,,,
いよいよ,いよいよ,いよいよ試験が始まる。,いよいよ しけん が はじまる,,,,
いらいら,いらいら,渋滞でいらいらしている。,じゅうたい で いらいら して いる,,,,
うがい,うがい,風邪予防にうがいをする。,かぜ よぼう に うがい を する,,,,
うきうき,うきうき,プレゼントをもらってうきうきしている。,ぷれぜんと を もらって うきうき して いる,,,,
うちわ,うちわ,夏祭りでうちわを買った。,なつまつり で うちわ を かった,,,,
うっかり,うっかり,うっかりミスをしてしまった。,うっかり みす を して しまった,,,,
うつむく,うつむく,彼は恥ずかしそうにうつむいた。,かれ は はずかしそう に うつむいた,,,,
うどん,うどん,お昼にうどんを食べた。,おひる に うどん を たべた,,,,
うなずく,うなずく,彼女はうなずいて同意した。,かのじょ は うなずいて どうい した,,,,
うまい,うまい,この料理は本当にうまいですね。,この りょうり は ほんとうに うまい です ね,,,,
うるさい,うるさい,隣の部屋がうるさいです。,となり の へや が うるさい です,,,,
うろうろ,うろうろ,道に迷ってうろうろしていた。,みち に まよって うろうろ して いた,,,,
えび,えび,えびの天ぷらが好きです。,えび の てんぷら が すき です,,,,
おいしい,おいしい,お寿司は本当においしかった。,おすし は ほんとうに おいしかった,,,,
おかしい,おかしい,今日の君の行動はおかしい。,きょう の きみ の こうどう は おかしい,,,,
おかず,おかず,昼ごはんにおいしいおかずを食べた。,ひるごはん に おいしい おかず を たべた,,,,
おごる,おごる,彼が夕食をごちそうしてくれた。,かれ が ゆうしょく を ごちそう して くれた,,,,
おしゃべり,おしゃべり,私たちは長い時間おしゃべりしました。,わたしたち は ながい じかん おしゃべり しました,,,,
おしゃれ,おしゃれ,彼女はとてもおしゃれなドレスを着ています。,かのじょ は とても おしゃれな どれす を きています,,,,
おじ,おじ,私のおじは大阪に住んでいます。,わたし の おじ は おおさか に すんでいます,,,,
おじさん,おじさん,おじさんが道を教えてくれた。,おじさん が みち を おしえて くれた,,,,
おだてる,おだてる,彼は目的を果たすためにおだてた。,かれ は もくてき を はたす ため に おだてた,,,,
おっしゃる,おっしゃる,先生は何とおっしゃいましたか。,せんせい は なん と おっしゃいました か,,,,
おなか,おなか,おなかが痛いです。,おなか が いたい です,,,,
おにぎり,おにぎり,昼食におにぎりを食べました。,ちゅうしょく に おにぎり を たべました,,,,
おば,おば,私のおばはとても優しいです。,わたし の おば は とても やさしい です,,,,
おばさん,おばさん,おばさんは店で親切でした。,おばさん は みせ で しんせつ でした,,,,
おまけ,おまけ,おまけとして小さなプレゼントをもらいました。,おまけ として ちいさな ぷれぜんと を もらいました,,,,
おもちゃ,おもちゃ,このおもちゃは小さい子供向けです。,この おもちゃ は ちいさい こどもむけ です,,,,
おやつ,おやつ,午後のおやつにお菓子を食べました。,ごご の おやつ に おかし を たべました,,,,
およそ,およそ,旅行はおよそ3時間かかりました。,りょこう は およそ さんじかん かかりました,,,,
お世辞,おせじ,彼は私のドレスにお世辞を言った。,かれ は わたし の どれす に おせじ を いった,,,,
お中元,おちゅうげん,私は上司にお中元を贈りました。,わたし は じょうし に おちゅうげん を おくりました,,,,
お互い,おたがい,お互いに助け合うべきです。,おたがい に たすけあう べき です,,,,
お仕舞い,おしまい,それが物語のお仕舞いでした。,それ が ものがたり の おしまい でした,,,,
お兄さん,おにいさん,私のお兄さんは東京で働いています。,わたし の おにいさん は とうきょう で はたらいています,,,,
お前,おまえ,お前はそこで何をしているの？,おまえ は そこで なに を している の,,,,
お医者さん,おいしゃさん,明日お医者さんに行きます。,あした おいしゃさん に いきます,,,,
お参り,おまいり,私たちは神社にお参りして祈りました。,わたしたち は じんじゃ に おまいり して いのりました,,,,
近く,ちかく,図書館は学校の近くにあります。,としょかん は がっこう の ちかく に あります,,,,
二,に,二人で映画を見に行きました。,ふたり で えいが を みに いきました,,,,
二つ,ふたつ,りんごを二つ買いました。,りんご を ふたつ かいました,,,,
三,さん,三階に住んでいます。,さんかい に すんでいます,,,,
三つ,みっつ,みかんを三つ食べました。,みかん を みっつ たべました,,,,
四つ,よっつ,箱の中に四つのおもちゃがあります。,はこ の なか に よっつ の おもちゃ が あります,,,,
四,よん,四人がパーティーに来ました。,よにん が ぱーてぃー に きました,,,,
これ,これ,これが私のペンです。,これ が わたし の ぺん です,,,,
四,し,四時に出発します。,しじ に しゅっぱつ します,,,,
五つ,いつつ,花を五つ買いました。,はな を いつつ かいました,,,,
五,ご,五本の鉛筆を使っています。,ごほん の えんぴつ を つかっています,,,,
六つ,むっつ,六つの質問があります。,むっつ の しつもん が あります,,,,
六,ろく,六ヶ月間日本に住んでいました。,ろっかげつかん にほん に すんでいました,,,,
七,なな,七時に起きました。,ななじ に おきました,,,,
七つ,ななつ,ケーキを七つ作りました。,けーき を ななつ つくりました,,,,
八,はち,八人が集まりました。,はちにん が あつまりました,,,,
八つ,やっつ,八つの箱があります。,やっつ の はこ が あります,,,,
なる,なる,彼は医者になりました。,かれ は いしゃ に なりました,,,,
九,きゅう,九月に旅行します。,きゅうがつ に りょこう します,,,,
九つ,ここのつ,九つのプレゼントをもらいました。,ここのつ の ぷれぜんと を もらいました,,,,
十,じゅう,十冊の本を読みました。,じゅっさつ の ほん を よみました,,,,
百,ひゃく,百円でお菓子を買いました。,ひゃくえん で おかし を かいました,,,,
千,せん,千羽の鶴を折った。,せんば の つる を おった,,,,
万,まん,日本には一万の神がいると言われています。,にほん には いちまん の かみ が いる と いわれて います,,,,
円,えん,円を描いてください。または千円を払いました。,えん を かいて ください。または せんえん を はらいました,,,,
する,する,宿題をする。,しゅくだい を する,,,,
日,にち,今日は良い日です。,きょう は よい ひ です,,,,
六日,むいか,六日に会いましょう。,むいか に あいましょう,,,,
三日,みっか,三日間、旅行しました。,みっかかん、りょこう しました,,,,
五日,いつか,五日に試験があります。,いつか に しけん が あります,,,,
八日,ようか,八日間、何も食べていません。,ようかかん、なにも たべて いません,,,,
二十日,はつか,二十日は休みです。,はつか は やすみ です,,,,
二日,ふつか,二日間、寝ていました。,ふつかかん、ねて いました,,,,
九日,ここのか,九日に友達が来ます。,ここのか に ともだち が きます,,,,
ところ,ところ,静かなところに住みたいです。,しずか な ところ に すみたい です,,,,
一日,いちにち,一日中、雨が降っていました。,いちにちじゅう、あめ が ふって いました,,,,
十日,とおか,十日に会議があります。,とおか に かいぎ が あります,,,,
七日,なのか,七日に映画を見に行きます。,なのか に えいが を みに いきます,,,,
四日,よっか,四日は祝日です。,よっか は しゅくじつ です,,,,
月,つき,月が明るい夜です。,つき が あかるい よる です,,,,
水,みず,水を飲みたいです。,みず を のみたい です,,,,
金,きん,金の指輪を買いました。,きん の ゆびわ を かいました,,,,
日曜日,にちようび,日曜日は家で休みます。,にちようび は いえ で やすみます,,,,
土曜日,どようび,土曜日に友達と遊びます。,どようび に ともだち と あそびます,,,,
やる,やる,宿題をやらなければなりません。,しゅくだい を やらなければ なりません,,,,
金曜日,きんようび,金曜日に会議があります。,きんようび に かいぎ が あります,,,,
月曜日,げつようび,月曜日は忙しいです。,げつようび は いそがしい です,,,,
木曜日,もくようび,木曜日にテストがあります。,もくようび に てすと が あります,,,,
曜日,ようび,今日は何曜日ですか？,きょう は なんようび です か,,,,
火曜日,かようび,火曜日に買い物に行きます。,かようび に かいもの に いきます,,,,
水曜日,すいようび,水曜日は仕事が多いです。,すいようび は しごと が おおい です,,,,
週,しゅう,一週間は七日あります。,いっしゅうかん は な のか あります,,,,
年,とし,今年はたくさん学びたいです。,ことし は たくさん まなびたい です,,,,
分かる,わかる,この問題の答えが分かりません。,この もんだい の こたえ が わかりません,,,,
そう,そう,そうですね、それはいい考えです。,そう です ね、それ は いい かんがえ です,,,,
何,なに,何を食べたいですか？,なに を たべたい です か,,,,
先,さき,先に行ってください。,さき に いって ください,,,,
今年,ことし,今年は何をしますか,ことし は なに を します か,,,,
今日,きょう,今日はいい天気ですね,きょう は いい てんき です ね,,,,
今月,こんげつ,今月は忙しいです,こんげつ は いそがしい です,,,,
今週,こんしゅう,今週は試験があります,こんしゅう は しけん が あります,,,,
来年,らいねん,来年もよろしくお願いします,らいねん も よろしく おねがいします,,,,
もう,もう,もう終わりました,もう おわりました,,,,
行く,いく,学校へ行きます,がっこう へ いきます,,,,
帰る,かえる,家に帰ります,いえ に かえります,,,,
大きい,おおきい,大きい家に住んでいます,おおきい いえ に すんでいます,,,,
少ない,すくない,少ない人数で旅行します,すくない にんずう で りょこう します,,,,
少し,すこし,少しだけ食べました,すこし だけ たべました,,,,
多い,おおい,多い人が集まりました,おおい ひと が あつまりました,,,,
多分,たぶん,多分明日行きます,たぶん あした いきます,,,,
上げる,あげる,プレゼントを上げます,ぷれぜんと を あげます,,,,
よく,よく,よく走ります,よく はしります,,,,
上る,のぼる,階段を上ります,かいだん を のぼります,,,,
上,うえ,机の上に本があります,つくえ の うえ に ほん が あります,,,,
下,した,机の下に猫がいます,つくえ の した に ねこ が います,,,,
右,みぎ,右に曲がります,みぎ に まがります,,,,
左,ひだり,左に行きます,ひだり に いきます,,,,
方,かた,あの方は誰ですか,あの かた は だれ です か,,,,
大人,おとな,大人になりたいです,おとな に なりたい です,,,,
人,ひと,あの人は先生です,あの ひと は せんせい です,,,,
一人,ひとり,一人で旅行しました,ひとり で りょこう しました,,,,
どう,どう,どう思いますか,どう おもいます か,,,,
入れる,いれる,コーヒーに砂糖を入れます,こーひー に さとう を いれます,,,,
出来る,できる,日本語を話すことが出来ます,にほんご を はなす こと が できます,,,,
出す,だす,ゴミを出してください,ごみ を だして ください,,,,
本,ほん,この本は面白いです,この ほん は おもしろい です,,,,
休む,やすむ,今日は学校を休みます,きょう は がっこう を やすみます,,,,
体,からだ,体を大切にしてください,からだ を たいせつ に してください,,,,
口,くち,口を開けてください,くち を あけて ください,,,,
耳,みみ,耳が痛いです,みみ が いたい です,,,,
上手,じょうず,彼は歌が上手です,かれ は うた が じょうず です,,,,
手,て,手を洗ってください,て を あらって ください,,,,
空く,あく,席が空いています,せき が あいて います,,,,
男,おとこ,男の人が来ました,おとこ の ひと が きました,,,,
女,おんな,女の子が遊んでいます,おんな の こ が あそんでいます,,,,
子供,こども,子供たちが元気に遊んでいます,こども たち が げんき に あそんでいます,,,,
大好き,だいすき,犬が大好きです,いぬ が だいすき です,,,,
私,わたし,私は学生です,わたし は がくせい です,,,,
友達,ともだち,友達と遊びます,ともだち と あそびます,,,,
家,いえ,家に帰ります,いえ に かえります,,,,
晴れる,はれる,今日は晴れました,きょう は はれました,,,,
こう,こう,こうすれば良いです,こう すれば よい です,,,,
昨日,きのう,昨日は雨でした,きのう は あめ でした,,,,
開く,あく,ドアが開いています,どあ が あいて います,,,,
閉じる,とじる,本を閉じてください,ほん を とじて ください,,,,
閉める,しめる,窓を閉めてください,まど を しめて ください,,,,
閉まる,しまる,ドアが閉まりました,どあ が しまりました,,,,
聞く,きく,音楽を聞きます,おんがく を ききます,,,,
時間,じかん,時間がありますか,じかん が あります か,,,,
高い,たかい,この建物はとても高いです,この たてもの は とても たかい です,,,,
くれる,くれる,友達が本をくれました,ともだち が ほん を くれました,,,,
安い,やすい,この店の野菜は安いです,この みせ の やさい は やすい です,,,,
低い,ひくい,この机は低いです,この つくえ は ひくい です,,,,
前,まえ,駅の前で会いましょう,えき の まえ で あいましょう,,,,
後,あと,試験の後で休みます,しけん の あと で やすみます,,,,
後ろ,うしろ,彼は後ろを向きました,かれ は うしろ を むきました,,,,
午後,ごご,午後に会議があります,ごご に かいぎ が あります,,,,
午前,ごぜん,午前中に買い物をします,ごぜんちゅう に かいもの を します,,,,
朝,あさ,朝ごはんを食べます,あさごはん を たべます,,,,
昼,ひる,昼ごはんを作ります,ひるごはん を つくります,,,,
かなり,かなり,この映画はかなり面白いです,この えいが は かなり おもしろい です,,,,
晩,ばん,晩ごはんを食べました,ばんごはん を たべました,,,,
今晩,こんばん,今晩は予定があります,こんばん は よてい が あります,,,,
夜,よる,夜に散歩をします,よる に さんぽ を します,,,,
食べる,たべる,朝ごはんを食べます,あさごはん を たべます,,,,
飲む,のむ,コーヒーを飲みます,こーひー を のみます,,,,
ご飯,ごはん,おいしいご飯を作ります,おいしい ごはん を つくります,,,,
買う,かう,スーパーで野菜を買います,すーぱー で やさい を かいます,,,,
見る,みる,テレビを見るのが好きです,てれび を みる の が すき です,,,,
もっと,もっと,もっと練習しましょう,もっと れんしゅう しましょう,,,,
見つける,みつける,鍵を見つけました,かぎ を みつけました,,,,
見つかる,みつかる,財布が見つかりました,さいふ が みつかりました,,,,
言う,いう,何かを言いたいです,なにか を いいたい です,,,,
話す,はなす,日本語で話します,にほんご で はなします,,,,
読む,よむ,本を読むのが好きです,ほん を よむ の が すき です,,,,
漢字,かんじ,漢字を書くのは難しいです,かんじ を かく の は むずかしい です,,,,
書く,かく,手紙を書くのが好きです,てがみ を かく の が すき です,,,,
覚える,おぼえる,漢字を覚えるのは大変です,かんじ を おぼえる の は たいへん です,,,,
そこ,そこ,そこに本があります,そこ に ほん が あります,,,,
会う,あう,友達に会います,ともだち に あいます,,,,
場合,ばあい,この場合はこうします,この ばあい は こう します,,,,
車,くるま,車を買いました,くるま を かいました,,,,
電車,でんしゃ,電車に乗ります,でんしゃ に のります,,,,
駅,えき,駅で待っています,えき で まっています,,,,
道,みち,この道は広いです,この みち は ひろい です,,,,
他,ほか,他の方法を考えます,ほか の ほうほう を かんがえます,,,,
止める,とめる,車を止めてください,くるま を とめて ください,,,,
歩く,あるく,公園を歩きます,こうえん を あるきます,,,,
走る,はしる,毎朝走ります,まいあさ はしります,,,,
近く,ちかく,近くにスーパーがあります,ちかく に すーぱー が あります,,,,
近い,ちかい,駅は近いです,えき は ちかい です,,,,
遠い,とおい,家は遠いです,いえ は とおい です,,,,
長い,ながい,長い道を歩きました,ながい みち を あるきました,,,,
短い,みじかい,短い話をしました,みじかい はなし を しました,,,,
広い,ひろい,広い部屋に住んでいます,ひろい へや に すんでいます,,,,
もらう,もらう,プレゼントをもらいました,ぷれぜんと を もらいました,,,,
全部,ぜんぶ,全部食べました,ぜんぶ たべました,,,,
国,くに,私の国は日本です,わたし の くに は にほん です,,,,
白い,しろい,白い犬がいます,しろい いぬ が います,,,,
赤い,あかい,赤い車を見ました,あかい くるま を みました,,,,
米,こめ,米を炊きました,こめ を たきました,,,,
未だ,まだ,未だ終わっていません,まだ おわっていません,,,,
有る,ある,部屋に机がある。,へや に つくえ が ある,,,,
無い,ない,お金が無いです。,おかね が ない です,,,,
とても,とても,この本はとても面白い。,この ほん は とても おもしろい,,,,
作る,つくる,ケーキを作りました。,けーき を つくりました,,,,
使う,つかう,パソコンを使っています。,ぱそこん を つかっています,,,,
消す,けす,電気を消してください。,でんき を けして ください,,,,
売る,うる,店でパンを売っています。,みせ で ぱん を うっています,,,,
店,みせ,あの店は有名です。,あの みせ は ゆうめい です,,,,
春,はる,春には桜が咲きます。,はる に は さくら が さきます,,,,
夏,なつ,夏は暑いですね。,なつ は あつい です ね,,,,
秋,あき,秋の紅葉が美しいです。,あき の こうよう が うつくしい です,,,,
冬,ふゆ,冬は寒いです。,ふゆ は さむい です,,,,
みんな,みんな,みんなで映画を見に行きます。,みんな で えいが を みに いきます,,,,
暑い,あつい,今日はとても暑いです。,きょう は とても あつい です,,,,
熱い,あつい,熱いお茶を飲みます。,あつい おちゃ を のみます,,,,
寒い,さむい,冬の夜は寒いですね。,ふゆ の よる は さむい です ね,,,,
暖かい,あたたかい,春は暖かくて気持ちがいいです。,はる は あたたかくて きもち が いい です,,,,
新しい,あたらしい,新しい車を買いました。,あたらしい くるま を かいました,,,,
良い,いい,この本はとても良いです。,この ほん は とても いい です,,,,
悪い,わるい,悪い天気が続いています。,わるい てんき が つづいています,,,,
思う,おもう,私はそれが良いと思います。,わたし は それ が いい と おもいます,,,,
忘れる,わすれる,鍵を忘れてしまいました。,かぎ を わすれて しまいました,,,,
考える,かんがえる,問題をよく考えます。,もんだい を よく かんがえます,,,,
決める,きめる,旅行の日程を決めました。,りょこう の にってい を きめました,,,,
決まる,きまる,試合の日が決まりました。,しあい の ひ が きまりました,,,,
知る,しる,新しい事実を知りました。,あたらしい じじつ を しりました,,,,
一番,いちばん,この映画が一番好きです。,この えいが が いちばん すき です,,,,
住む,すむ,東京に住んでいます。,とうきょう に すんでいます,,,,
名前,なまえ,名前を教えてください。,なまえ を おしえて ください,,,,
食べ物,たべもの,日本の食べ物が好きです。,にほん の たべもの が すき です,,,,
飲み物,のみもの,冷たい飲み物をください。,つめたい のみもの を ください,,,,
重い,おもい,この荷物は重いです。,この にもつ は おもい です,,,,
軽い,かるい,この箱は軽いです。,この はこ は かるい です,,,,
送る,おくる,友達に手紙を送りました。,ともだち に てがみ を おくりました,,,,
取る,とる,写真を撮ります。,しゃしん を とります,,,,
待つ,まつ,バスを待っています。,ばす を まっています,,,,
持つ,もつ,バッグを持っています。,ばっぐ を もっています,,,,
気持ち,きもち,その言葉に気持ちが和らぎました。,その ことば に きもち が やわらぎました,,,,
生きる,いきる,毎日を大切に生きています。,まいにち を たいせつ に いきています,,,,
どちら,どちら,どちらが正しいですか？,どちら が ただしい です か,,,,
先生,せんせい,先生に質問しました。,せんせい に しつもん しました,,,,
大学,だいがく,大学で勉強しています。,だいがく で べんきょう しています,,,,
学生,がくせい,学生が授業を受けています。,がくせい が じゅぎょう を うけています,,,,
大学生,だいがくせい,大学生の生活は忙しいです。,だいがくせい の せいかつ は いそがしい です,,,,
学校,がっこう,学校で友達と遊びます。,がっこう で ともだち と あそびます,,,,
高校生,こうこうせい,高校生の時に部活をしていました。,こうこうせい の とき に ぶかつ を していました,,,,
教える,おしえる,先生が数学を教えています。,せんせい が すうがく を おしえています,,,,
強い,つよい,彼はとても強いです。,かれ は とても つよい です,,,,
どれ,どれ,どれを選びますか？,どれ を えらびます か,,,,
弱い,よわい,彼女は力が弱いです。,かのじょ は ちから が よわい です,,,,
引く,ひく,辞書を引いて単語を調べます。,じしょ を ひいて たんご を しらべます,,,,
質問,しつもん,先生に質問しました。,せんせい に しつもん しました,,,,
難しい,むずかしい,この問題は難しいです。,この もんだい は むずかしい です,,,,
数,かず,人数を数えます。,にんずう を かぞえます,,,,
勝つ,かつ,試合に勝ちました。,しあい に かちました,,,,
負ける,まける,試合で負けました。,しあい で まけました,,,,
本当に,ほんとうに,本当にありがとうございました。,ほんとう に ありがとうございました,,,,
要る,いる,この書類が要りますか？,この しょるい が いります か,,,,
ドア,どあ,ドアを開けてください。,どあ を あけて ください,,,,
時計,とけい,時計を見て時間を確認します。,とけい を みて じかん を かくにん します,,,,
払う,はらう,お金を払いました。,おかね を はらいました,,,,
切る,きる,紙を切りました。,かみ を きりました,,,,
変える,かえる,予定を変えました。,よてい を かえました,,,,
乗る,のる,電車に乗ります。,でんしゃ に のります,,,,
着る,きる,新しい服を着ました。,あたらしい ふく を きました,,,,
立つ,たつ,駅で立って待っています。,えき で たって まっています,,,,
座る,すわる,椅子に座ってください。,いす に すわって ください,,,,
次,つぎ,次の駅で降ります。,つぎ の えき で おります,,,,
しゃべる,しゃべる,友達としゃべっています。,ともだち と しゃべっています,,,,
働く,はたらく,会社で働いています。,かいしゃ で はたらいています,,,,
速い,はやい,この車は速いです。,この くるま は はやい です,,,,
遅い,おそい,電車が遅れています。,でんしゃ が おくれています,,,,
始める,はじめる,宿題を始めます。,しゅくだい を はじめます,,,,
始まる,はじまる,会議が始まりました。,かいぎ が はじまりました,,,,
終わる,おわる,仕事が終わりました。,しごと が おわりました,,,,
終わり,おわり,映画の終わりが感動的でした。,えいが の おわり が かんどうてき でした,,,,
テーブル,てーぶる,テーブルの上に本があります。,てーぶる の うえ に ほん が あります,,,,
去年,きょねん,去年日本に行きました。,きょねん にほん に いきました,,,,
紙,かみ,紙をください。,かみ を ください,,,,
楽しむ,たのしむ,休日を楽しんでいます。,きゅうじつ を たのしんでいます,,,,
楽しい,たのしい,パーティーはとても楽しいです。,ぱーてぃー は とても たのしい です,,,,
歌う,うたう,カラオケで歌いました。,からおけ で うたいました,,,,
欲しい,ほしい,新しい服が欲しいです。,あたらしい ふく が ほしい です,,,,
色,いろ,好きな色は青です。,すき な いろ は あお です,,,,
茶色,ちゃいろ,茶色のバッグを買いました。,ちゃいろ の ばっぐ を かいました,,,,
直ぐ,すぐ,直ぐに行きます。,すぐ に いきます,,,,
ゲーム,げーむ,友達とゲームをしています。,ともだち と げーむ を しています,,,,
書き直す,かきなおす,文章をもう一度書き直します。,ぶんしょう を もういちど かきなおします,,,,
直る,なおる,壊れた時計が直りました。,こわれた とけい が なおりました,,,,
線,せん,黒い線を引いてください。,くろい せん を ひいて ください,,,,
曲がる,まがる,次の角を右に曲がってください。,つぎ の かど を みぎ に まがって ください,,,,
同じ,おなじ,同じ本を買いました。,おなじ ほん を かいました,,,,
違う,ちがう,それは私のではありません。,それ は わたし の では ありません,,,,
図書館,としょかん,図書館で本を借りました。,としょかん で ほん を かりました,,,,
泊まる,とまる,ホテルに泊まりました。,ほてる に とまりました,,,,
遊ぶ,あそぶ,公園で遊びます。,こうえん で あそびます,,,,
服,ふく,新しい服を買いました。,あたらしい ふく を かいました,,,,
父,ちち,父が料理を作っています。,ちち が りょうり を つくっています,,,,
お母さん,おかあさん,お母さんと買い物に行きました。,おかあさん と かいもの に いきました,,,,
母,はは,母が手紙を書きました。,はは が てがみ を かきました,,,,
親,おや,親に相談しました。,おや に そうだん しました,,,,
姉,あね,姉は大学生です。,あね は だいがくせい です,,,,
妹,いもうと,妹は中学生です。,いもうと は ちゅうがくせい です,,,,
兄,あに,兄は会社員です。,あに は かいしゃいん です,,,,
弟,おとうと,弟は高校生です。,おとうと は こうこうせい です,,,,
娘,むすめ,娘はピアノを習っています。,むすめ は ぴあの を ならっています,,,,
息子,むすこ,息子はサッカーをしています。,むすこ は さっかー を しています,,,,
若い,わかい,彼はとても若いです。,かれ は とても わかい です,,,,
彼女,かのじょ,彼女は医者です。,かのじょ は いしゃ です,,,,
彼,かれ,彼は私の友達です。,かれ は わたし の ともだち です,,,,
結婚,けっこん,彼らは来年結婚します。,かれら は らいねん けっこん します,,,,
ミーティング,みーてぃんぐ,午後にミーティングがあります。,ごご に みーてぃんぐ が あります,,,,
自転車,じてんしゃ,新しい自転車を買いました。,あたらしい じてんしゃ を かいました,,,,
自分,じぶん,自分の意見を持つことは大事です。,じぶん の いけん を もつ こと は だいじ です,,,,
ご主人,ごしゅじん,ご主人はお元気ですか。,ごしゅじん は おげんき です か,,,,
答える,こたえる,質問に答えてください。,しつもん に こたえて ください,,,,
別,べつ,別の問題を解きましょう。,べつ の もんだい を ときましょう,,,,
病気,びょうき,彼は病気で入院しています。,かれ は びょうき で にゅういん しています,,,,
死ぬ,しぬ,魚が死んでしまいました。,さかな が しんで しまいました,,,,
痛い,いたい,頭が痛いです。,あたま が いたい です,,,,
酒,さけ,日本酒を飲んだことがありますか。,にほんしゅ を のんだ こと が あります か,,,,
つける,つける,エアコンをつけてください。,えあこん を つけて ください,,,,
一杯,いっぱい,今日は一杯飲みましょう。,きょう は いっぱい のみましょう,,,,
飛ぶ,とぶ,鳥が空を飛んでいます。,とり が そら を とんで います,,,,
飛行機,ひこうき,飛行機で旅行します。,ひこうき で りょこう します,,,,
続く,つづく,この本の話は続きます。,この ほん の はなし は つづきます,,,,
日記,にっき,毎晩日記を書きます。,まいばん にっき を かきます,,,,
首,くび,首が痛いです。,くび が いたい です,,,,
頭,あたま,彼の頭はいいです。,かれ の あたま は いい です,,,,
顔,かお,彼女はきれいな顔をしています。,かのじょ は きれい な かお を しています,,,,
感じる,かんじる,寒さを感じます。,さむさ を かんじます,,,,
探す,さがす,新しい家を探しています。,あたらしい いえ を さがして います,,,,
お手洗い,おてあらい,お手洗いはどこですか。,おてあらい は どこ です か,,,,
冷たい,つめたい,冷たい飲み物をください。,つめたい のみもの を ください,,,,
汚い,きたない,部屋が汚いです。,へや が きたない です,,,,
太い,ふとい,このペンは太いです。,この ぺん は ふとい です,,,,
曇る,くもる,空が曇っています。,そら が くもって います,,,,
神,かみ,神社で神に祈りました。,じんじゃ で かみ に いのりました,,,,
まずい,まずい,この料理はまずいです。,この りょうり は まずい です,,,,
建てる,たてる,新しい家を建てました。,あたらしい いえ を たてました,,,,
置く,おく,本を机の上に置きました。,ほん を つくえ の うえ に おきました,,,,
辺,へん,この辺にお店がありますか。,この へん に おみせ が あります か,,,,
黄色い,きいろい,黄色い花が咲いています。,きいろい はな が さいて います,,,,
一緒に,いっしょに,一緒に勉強しましょう。,いっしょに べんきょう しましょう,,,,
緑,みどり,緑の草が生えています。,みどり の くさ が はえています,,,,
易しい,やさしい,この問題は易しいです。,この もんだい は やさしい です,,,,
留学生,りゅうがくせい,彼は留学生です。,かれ は りゅうがくせい です,,,,
戻る,もどる,家に戻りました。,いえ に もどりました,,,,
そば,そば,駅のそばに住んでいます。,えき の そば に すんで います,,,,
起きる,おきる,朝早く起きました。,あさ はやく おきました,,,,
起こる,おこる,大きな地震が起こりました。,おおきな じしん が おこりました,,,,
起こす,おこす,弟を起こしました。,おとうと を おこしました,,,,
寝る,ねる,私は早く寝ます。,わたし は はやく ねます,,,,
細い,ほそい,この鉛筆は細いです。,この えんぴつ は ほそい です,,,,
載せる,のせる,荷物を車に載せました。,にもつ を くるま に のせました,,,,
締める,しめる,ドアを締めてください。,どあ を しめて ください,,,,
甘い,あまい,このケーキは甘いです。,この けーき は あまい です,,,,
こっち,こっち,こっちに来てください。,こっち に きて ください,,,,
辛い,からい,この料理は辛いです。,この りょうり は からい です,,,,
優しい,やさしい,彼女は優しい人です。,かのじょ は やさしい ひと です,,,,
夫,おっと,夫は会社員です。,おっと は かいしゃいん です,,,,
妻,つま,妻は教師です。,つま は きょうし です,,,,
誰,だれ,あの人は誰ですか。,あの ひと は だれ です か,,,,
愛する,あいする,私は家族を愛しています。,わたし は かぞく を あいしています,,,,
笑う,わらう,子供が笑っています。,こども が わらっています,,,,
酸っぱい,すっぱい,このレモンは酸っぱいです。,この れもん は すっぱい です,,,,
言葉,ことば,新しい言葉を覚えます。,あたらしい ことば を おぼえます,,,,
よう,よう,そのように話してください。,その よう に はなして ください,,,,
呼ぶ,よぶ,友達を呼びます。,ともだち を よびます,,,,
胸,むね,胸が痛いです。,むね が いたい です,,,,
腰,こし,腰が痛いです。,こし が いたい です,,,,
背,せ,彼は背が高いです。,かれ は せ が たかい です,,,,
片仮名,かたかな,片仮名を覚えます。,かたかな を おぼえます,,,,
平仮名,ひらがな,平仮名を書く練習をします。,ひらがな を かく れんしゅう を します,,,,
悲しい,かなしい,悲しい話を聞きました。,かなしい はなし を ききました,,,,
美しい,うつくしい,美しい景色を見ました。,うつくしい けしき を みました,,,,
授業,じゅぎょう,今日は授業があります。,きょう は じゅぎょう が あります,,,,
手伝う,てつだう,彼を手伝いました。,かれ を てつだいました,,,,
狭い,せまい,この部屋は狭いです。,この へや は せまい です,,,,
触る,さわる,そのボタンに触らないでください。,その ぼたん に さわらない で ください,,,,
嫌い,きらい,私は魚が嫌いです。,わたし は さかな が きらい です,,,,
浴びる,あびる,シャワーを浴びます。,しゃわー を あびます,,,,
渇く,かわく,喉が渇きました。,のど が かわきました,,,,
髪の毛,かみのけ,髪の毛を切りました。,かみのけ を きりました,,,,
肩,かた,肩が痛いです。,かた が いたい です,,,,
鼻,はな,彼は鼻が高いです。,かれ は はな が たかい です,,,,
腕,うで,腕を骨折しました。,うで を こっせつ しました,,,,
掛ける,かける,電話を掛けます。,でんわ を かけます,,,,
僕,ぼく,僕は学生です。,ぼく は がくせい です,,,,
駄目,だめ,それは駄目です。,それ は だめ です,,,,
大丈夫,だいじょうぶ,私は大丈夫です。,わたし は だいじょうぶ です,,,,
風邪,かぜ,風邪を引きました。,かぜ を ひきました,,,,
奇麗,きれい,奇麗な花が咲いています。,きれい な はな が さいて います,,,,
嬉しい,うれしい,プレゼントをもらって嬉しいです。,ぷれぜんと を もらって うれしい です,,,,
柿,かき,柿の木に実がたくさんなっています。,かき の き に み が たくさん なって います,,,,
ため,ため,勉強のために頑張っています。,べんきょう の ため に がんばって います,,,,
より,より,彼は私より背が高いです。,かれ は わたし より せ が たかい です,,,,
七,なな,七つのリンゴがあります。,ななつ の りんご が あります,,,,
九,きゅう,九時に会いましょう。,きゅうじ に あいましょう,,,,
億,おく,日本の人口は約一億二千万人です。,にほん の じんこう は やく いちおく にせんまんにん です,,,,
寺,てら,京都にはたくさんのお寺があります。,きょうと には たくさん の おてら が あります,,,,
ドル,ドル,ドルはアメリカの通貨です。,ドル は アメリカ の つうか です,,,,
日,にち,今日はいい日です。,きょう は いい にち です,,,,
火,ひ,火を使って料理をする。,ひ を つかって りょうり を する,,,,
金,きん,金の指輪を買いました。,きん の ゆびわ を かいました,,,,
システム,システム,このシステムはとても便利です。,この システム は とても べんり です,,,,
分,ふん,五分待ってください。,ごふん まって ください,,,,
分ける,わける,ケーキを分けて食べました。,けーき を わけて たべました,,,,
分かれる,わかれる,道が二つに分かれています。,みち が ふたつ に わかれて います,,,,
コンピューター,コンピューター,新しいコンピューターを買いました。,あたらしい コンピューター を かいました,,,,
何,なに,何をしていますか。,なに を しています か,,,,
先ず,まず,先ず手を洗いましょう。,まず て を あらいましょう,,,,
先月,せんげつ,先月旅行に行きました。,せんげつ りょこう に いきました,,,,
やる,やる,彼は毎日宿題をやります。,かれ は まいにち しゅくだい を やります,,,,
先週,せんしゅう,先週は忙しかったです。,せんしゅう は いそがしかった です,,,,
今まで,いままで,今までありがとう。,いままで ありがとう,,,,
来月,らいげつ,来月新しいプロジェクトが始まります。,らいげつ あたらしい ぷろじぇくと が はじまります,,,,
来週,らいしゅう,来週会いましょう。,らいしゅう あいましょう,,,,
ロボット,ロボット,ロボットが作業をしています。,ロボット が さぎょう を しています,,,,
行う,おこなう,来週会議を行います。,らいしゅう かいぎ を おこないます,,,,
行き,ゆき,大阪行きの電車に乗ります。,おおさか ゆき の でんしゃ に のります,,,,
行き,いき,公園までの行き方を教えてください。,こうえん まで の いきかた を おしえて ください,,,,
帰り,かえり,帰り道に寄り道しました。,かえりみち に よりみち しました,,,,
ほとんど,ほとんど,ほとんどの人が賛成しました。,ほとんど の ひと が さんせい しました,,,,
大きさ,おおきさ,家の大きさを測っています。,いえ の おおきさ を はかって います,,,,
大分,だいぶ,大分寒くなりました。,だいぶ さむく なりました,,,,
少年,しょうねん,少年たちが野球をしています。,しょうねんたち が やきゅう を しています,,,,
パソコン,パソコン,新しいパソコンが欲しいです。,あたらしい パソコン が ほしい です,,,,
少しも,すこしも,少しも疲れていません。,すこしも つかれて いません,,,,
少々,しょうしょう,少々お待ちください。,しょうしょう おまち ください,,,,
多く,おおく,多くの人がそのイベントに参加しました。,おおく の ひと が その いべんと に さんか しました,,,,
上がる,あがる,エレベーターで上がりました。,えれべーたー で あがりました,,,,
もう,もう,もう宿題を終わらせました。,もう しゅくだい を おわらせました,,,,
年上,としうえ,彼は私より年上です。,かれ は わたし より としうえ です,,,,
上り電車,のぼりでんしゃ,東京行きの上り電車に乗ります。,とうきょう ゆき の のぼりでんしゃ に のります,,,,
下げる,さげる,値段を下げてください。,ねだん を さげて ください,,,,
プログラム,プログラム,新しいプログラムを作成しました。,あたらしい ぷろぐらむ を さくせい しました,,,,
下がる,さがる,気温が下がりました。,きおん が さがりました,,,,
下りる,おりる,駅で電車を下りました。,えき で でんしゃ を おりました,,,,
下ろす,おろす,荷物を下ろしてください。,にもつ を おろして ください,,,,
下り,くだり,山を下りるのは大変です。,やま を くだりる の は たいへん です,,,,
よく,よく,彼はよく笑います。,かれ は よく わらいます,,,,
年下,としした,彼は私より年下です。,かれ は わたし より としした です,,,,
下る,くだる,川を下って旅行しました。,かわ を くだって りょこう しました,,,,
一方,いっぽう,一方では便利ですが、他方では難しいです。,いっぽう では べんり です が、たほう では むずかしい です,,,,
方,かた,あの方は誰ですか。,あの かた は だれ です か,,,,
まま,まま,そのままで大丈夫です。,その まま で だいじょうぶ です,,,,
二人,ふたり,二人で映画を見に行きました。,ふたり で えいが を みに いきました,,,,
大人しい,おとなしい,彼女はとても大人しいです。,かのじょ は とても おとなしい です,,,,
人々,ひとびと,人々が公園で遊んでいます。,ひとびと が こうえん で あそんで います,,,,
今日は一人で映画を見ます,きょうはひとりでえいがをみます。,今日は一人で映画を見ます。,きょう は ひとり で えいが を みます,,,,
テレビ,てれび,毎日ニュースをテレビで見ています。,まいにち にゅーす を てれび で みています,,,,
外人,がいじん,外人の友達がいます。,がいじん の ともだち が います,,,,
外,そと,外で子供たちが遊んでいます。,そと で こどもたち が あそんでいます,,,,
休日,きゅうじつ,休日に映画を見に行きます。,きゅうじつ に えいが を みに いきます,,,,
休み,やすみ,夏休みに旅行に行きます。,なつやすみ に りょこう に いきます,,,,
ソフト,ソフト,新しいソフトをダウンロードしました。,あたらしい ソフト を だうんろーど しました,,,,
力,ちから,彼は力が強いです。,かれ は ちから が つよい です,,,,
協力,きょうりょく,みんなで協力して作業しました。,みんな で きょうりょく して さぎょう しました,,,,
人口,じんこう,この町の人口は増えています。,この まち の じんこう は ふえています,,,,
出口,でぐち,出口はあちらです。,でぐち は あちら です,,,,
ただ,ただ,ただでコーヒーをもらいました。,ただ で こーひー を もらいました,,,,
入り口,いりぐち,入り口はこちらです。,いりぐち は こちら です,,,,
右手,みぎて,右手にペンを持っています。,みぎて に ぺん を もっています,,,,
左手,ひだりて,左手で文字を書きます。,ひだりて で もじ を かきます,,,,
下手,へた,彼は歌が下手です。,かれ は うた が へた です,,,,
これら,これら,これらの本を読みました。,これら の ほん を よみました,,,,
足りる,たりる,お金が足ります。,おかね が たります,,,,
足す,たす,砂糖を足してください。,さとう を たしてください,,,,
山,やま,山に登るのが好きです。,やま に のぼる の が すき です,,,,
川,かわ,川で魚を釣りました。,かわ で さかな を つりました,,,,
空く,あく,座席が空いています。,ざせき が あいて います,,,,
空手,からて,彼は空手を習っています。,かれ は からて を ならっています,,,,
空,そら,空が青いです。,そら が あおい です,,,,
海外,かいがい,海外に旅行したいです。,かいがい に りょこう したい です,,,,
海,うみ,海で泳ぐのが楽しいです。,うみ で およぐ の が たのしい です,,,,
毎日,まいにち,毎日ジョギングをしています。,まいにち じょぎんぐ を しています,,,,
毎年,まいとし・まいねん,"毎年夏に旅行に行きます。毎年イベントがあります。","まいとし なつ に りょこう に いきます。まいねん いべんと が あります。",,,,
尚,なお,尚、ご質問があればお知らせください。,なお、ごしつもん が あれば おしらせ ください,,,,
毎週,まいしゅう,毎週新しい本を読みます。,まいしゅう あたらしい ほん を よみます,,,,
毎月,まいつき,毎月映画を見に行きます。,まいつき えいが を みに いきます,,,,
石,いし,庭に大きな石があります。,にわ に おおきな いし が あります,,,,
田んぼ,たんぼ,田んぼで働いています。,たんぼ で はたらいています,,,,
ほぼ,ほぼ,仕事がほぼ終わりました。,しごと が ほぼ おわりました,,,,
花,はな,花が咲いています。,はな が さいて います,,,,
林,はやし,林の中で遊びました。,はやし の なか で あそびました,,,,
森,もり,森でキャンプをしました。,もり で きゃんぷ を しました,,,,
子,こ,子供たちが元気に遊んでいます。,こどもたち が げんき に あそんでいます,,,,
サービス,さーびす,この店はサービスがいいです。,この みせ は さーびす が いい です,,,,
女の子,おんなのこ,女の子が歌っています。,おんなのこ が うたって います,,,,
男の子,おとこのこ,男の子がサッカーをしています。,おとこのこ が さっかー を しています,,,,
私たち,わたしたち,私たちは一緒に勉強します。,わたしたち は いっしょ に べんきょう します,,,,
達する,たっする,目標に達しました。,もくひょう に たっしました,,,,
グループ,ぐるーぷ,新しいグループに参加しました。,あたらしい ぐるーぷ に さんかしました,,,,
家,いえ,家を建てました。,いえ を たてました,,,,
家内,かない,家内と一緒に旅行します。,かない と いっしょ に りょこう します,,,,
客,きゃく,店に多くの客が来ました。,みせ に おおく の きゃく が きました,,,,
空気,くうき,空気がきれいです。,くうき が きれい です,,,,
ホテル,ほてる,ホテルに泊まりました。,ほてる に とまりました,,,,
人気,にんき,彼は人気のある歌手です。,かれ は にんき の ある かしゅ です,,,,
雪,ゆき,雪が降っています。,ゆき が ふっています,,,,
まとめる,まとめる,資料をまとめてください。,しりょう を まとめて ください,,,,
青い,あおい,青い空が広がっています。,あおい そら が ひろがっています,,,,
青,あお,青が好きです。,あお が すき です,,,,
晴れ,はれ,今日は晴れです。,きょう は はれ です,,,,
明らか,あきらか,それは明らかな間違いです。,それ は あきらか な まちがい です,,,,
やはり,やはり,やはり彼が正しいです。,やはり かれ が ただしい です,,,,
明日,あした・あす,明日は忙しいです。,あした は いそがしい です,,,,
昨年,さくねん,昨年は多くのことがありました。,さくねん は おおく の こと が ありました,,,,
はっきり,はっきり,答えをはっきり言ってください。,こたえ を はっきり いって ください,,,,
一昨年,おととし,一昨年、日本に行きました。,おととし、にほん に いきました,,,,
一昨日,おととい,一昨日、友達に会いました。,おととい、ともだち に あいました,,,,
東,ひがし,東の空が明るいです。,ひがし の そら が あかるい です,,,,
西,にし,西の山がきれいです。,にし の やま が きれい です,,,,
つまり,つまり,彼の言いたいことはつまりこれです。,かれ の いいたい こと は つまり これ です,,,,
南,みなみ,南の風が吹いています。,みなみ の かぜ が ふいています,,,,
北,きた,北には山があります。,きた に は やま が あります,,,,
方向,ほうこう,方向を間違えました。,ほうこう を まちがえました,,,,
向かう,むかう,駅に向かっています。,えき に むかって います,,,,
ビル,ビル,新しいビルが建設中です。,あたらしい びる が けんせつちゅう です,,,,
向こう,むこう,向こうに公園があります。,むこう に こうえん が あります,,,,
向く,むく,右に向いてください。,みぎ に むいて ください,,,,
開く,ひらく・あく,ドアが開きます。,どあ が あきます,,,,
聞こえる,きこえる,音楽が聞こえます。,おんがく が きこえます,,,,
もちろん,もちろん,もちろん参加します。,もちろん さんか します,,,,
年間,ねんかん,年間の売上が増えました。,ねんかん の うりあげ が ふえました,,,,
この間,このあいだ,この間の話を覚えていますか。,このあいだ の はなし を おぼえて います か,,,,
間,あいだ,この間に何が起こったのですか。,この あいだ に なに が おこった の です か,,,,
人間,にんげん,人間は社会的な存在です。,にんげん は しゃかいてき な そんざい です,,,,
かつて,かつて,かつてここに住んでいました。,かつて ここ に すんでいました,,,,
高さ,たかさ,この塔の高さは100メートルです。,この とう の たかさ は ひゃくめーとる です,,,,
最大,さいだい,これが最大の問題です。,これ が さいだい の もんだい です,,,,
初めて,はじめて,初めて日本に行きました。,はじめて にほん に いきました,,,,
最初,さいしょ,最初のページを開いてください。,さいしょ の ぺーじ を ひらいて ください,,,,
スポーツ,スポーツ,スポーツが好きです。,すぽーつ が すき です,,,,
初め,はじめ,新しい仕事の初めが重要です。,あたらしい しごと の はじめ が じゅうよう です,,,,
今後,こんご,今後の予定を教えてください。,こんご の よてい を おしえて ください,,,,
後,あと,食事の後で散歩します。,しょくじ の あと で さんぽ します,,,,
最後,さいご,最後まで頑張りましょう。,さいご まで がんばりましょう,,,,
なぜ,なぜ,なぜ遅れたのですか。,なぜ おくれた の です か,,,,
明後日,あさって,明後日は休日です。,あさって は きゅうじつ です,,,,
牛,うし,牛が牧場にいます。,うし が ぼくじょう に います,,,,
半分,はんぶん,ケーキを半分に分けました。,けーき を はんぶん に わけました,,,,
半年,はんとし,半年間日本に滞在しました。,はんとしかん にほん に たいざい しました,,,,
そのまま,そのまま,そのままお待ちください。,そのまま おまち ください,,,,
半月,はんつき,半月でこのプロジェクトを完成させます。,はんつき で この ぷろじぇくと を かんせい させます,,,,
半日,はんにち,半日だけの勤務です。,はんにち だけ の きんむ です,,,,
毎朝,まいあさ,毎朝ジョギングをします。,まいあさ じょぎんぐ を します,,,,
今朝,けさ,今朝は早く起きました。,けさ は はやく おきました,,,,
もし,もし,もし雨が降ったら中止です。,もし あめ が ふったら ちゅうし です,,,,
昼休み,ひるやすみ,昼休みに弁当を食べます。,ひるやすみ に べんとう を たべます,,,,
昼前,ひるまえ,昼前に帰ります。,ひるまえ に かえります,,,,
昼間,ひるま,昼間はとても暑いです。,ひるま は とても あつい です,,,,
毎晩,まいばん,毎晩テレビを見ます。,まいばん てれび を みます,,,,
つもり,つもり,来年留学するつもりです。,らいねん りゅうがく する つもり です,,,,
今夜,こんや,今夜は満月です。,こんや は まんげつ です,,,,
昨夜,ゆうべ,昨夜、映画を見ました。,ゆうべ、えいが を みました,,,,
夜中,よなか,夜中に目が覚めました。,よなか に め が さめました,,,,
夕方,ゆうがた,夕方になって涼しくなりました。,ゆうがた に なって すずしく なりました,,,,
やっと,やっと,やっと宿題が終わりました。,やっと しゅくだい が おわりました,,,,
昼食,ちゅうしょく,昼食はサンドイッチです。,ちゅうしょく は さんどいっち です,,,,
朝食,ちょうしょく,朝食にトーストを食べました。,ちょうしょく に とーすと を たべました,,,,
夕食,ゆうしょく,夕食はカレーでした。,ゆうしょく は かれー でした,,,,
夕飯,ゆうはん,夕飯の時間です。,ゆうはん の じかん です,,,,
ニュース,にゅーす,ニュースを見ましたか。,にゅーす を みました か,,,,
見方,みかた,この図の見方が分かりません。,この ず の みかた が わかりません,,,,
花見,はなみ,春に花見に行きます。,はる に はなみ に いきます,,,,
言い方,いいかた,その言い方は失礼です。,その いいかた は しつれい です,,,,
話,はなし,面白い話を聞きました。,おもしろい はなし を ききました,,,,
ずっと,ずっと,ずっと待っていました。,ずっと まって いました,,,,
読み,よみ,この漢字の読みを教えてください。,この かんじ の よみ を おしえて ください,,,,
読み方,よみかた,正しい読み方を覚えましょう。,ただしい よみかた を おぼえましょう,,,,
語る,かたる,彼は夢を語りました。,かれ は ゆめ を かたりました,,,,
言語,げんご,言語学を専攻しています。,げんご がく を せんこう しています,,,,
ビデオ,びでお,ビデオを再生してください。,びでお を さいせい して ください,,,,
英語,えいご,英語を話せますか。,えいご を はなせます か,,,,
文字,もじ,この文字の意味は何ですか。,この もじ の いみ は なん です か,,,,
ローマ字,ろーまじ,日本語をローマ字で書きます。,にほんご を ろーまじ で かきます,,,,
字,じ,字が小さすぎます。,じ が ちいさすぎます,,,,
マンション,まんしょん,新しいマンションに引っ越しました。,あたらしい まんしょん に ひっこしました,,,,
書き方,かきかた,手紙の書き方を教えてください。,てがみ の かきかた を おしえて ください,,,,
覚める,さめる,夢から覚めました。,ゆめ から さめました,,,,
覚ます,さます,彼は自分を覚ました。,かれ は じぶん を さました,,,,
大会,たいかい,市の大会に参加しました。,し の たいかい に さんか しました,,,,
しばらく,しばらく,しばらくお待ちください。,しばらく おまち ください,,,,
会話,かいわ,日本語で会話しましょう。,にほんご で かいわ しましょう,,,,
話し合う,はなしあう,問題について話し合いました。,もんだい について はなしあいました,,,,
合う,あう,彼の意見と合いました。,かれ の いけん と あいました,,,,
間に合う,まにあう,電車に間に合いました。,でんしゃ に まにあいました,,,,
ガス,がす,ガスを止めてください。,がす を とめて ください,,,,
会社,かいしゃ,会社に行きます。,かいしゃ に いきます,,,,
社会,しゃかい,社会の仕組みを学びます。,しゃかい の しくみ を まなびます,,,,
社員,しゃいん,社員の数は増えています。,しゃいん の かず は ふえています,,,,
仕方,しかた,仕方がありません。,しかた が ありません,,,,
食事,しょくじ,食事を取りました。,しょくじ を とりました,,,,
火事,かじ,火事が起きました。,かじ が おきました,,,,
大事,だいじ,健康が大事です。,けんこう が だいじ です,,,,
事故,じこ,事故に遭いました。,じこ に あいました,,,,
サラリーマン,さらりーまん,彼はサラリーマンです。,かれ は さらりーまん です,,,,
工事,こうじ,道路工事が行われています。,どうろ こうじ が おこなわれています,,,,
工場,こうじょう,この工場は大きいです。,この こうじょう は おおきい です,,,,
電話,でんわ,電話をかけます。,でんわ を かけます,,,,
電気,でんき,電気をつけてください。,でんき を つけて ください,,,,
バス,バス,バスで学校に行きます。,バス で がっこう に いきます,,,,
車,くるま,車を運転します。,くるま を うんてん します,,,,
駅員,えきいん,駅員に道を聞きました。,えきいん に みち を ききました,,,,
通り,とおり,大きな通りを渡ります。,おおきな とおり を わたります,,,,
通る,とおる,道を通ります。,みち を とおります,,,,
クラス,クラス,クラスメイトと話します。,クラスメイト と はなします,,,,
通う,かよう,学校に毎日通っています。,がっこう に まいにち かよっています,,,,
交通事故,こうつうじこ,交通事故が起きました。,こうつうじこ が おきました,,,,
水道,すいどう,水道水を飲みます。,すいどうすい を のみます,,,,
車道,しゃどう,車道を渡ります。,しゃどう を わたります,,,,
トラック,トラック,トラックが止まっています。,トラック が とまっています,,,,
道路,どうろ,道路が渋滞しています。,どうろ が じゅうたい しています,,,,
土地,とち,土地を買いました。,とち を かいました,,,,
地図,ちず,地図を見てください。,ちず を みて ください,,,,
他,ほか,他に何か質問はありますか？,ほか に なにか しつもん は あります か？,,,,
パーティー,パーティー,友達のパーティーに行きます。,ともだち の パーティー に いきます,,,,
止める,とめる,車を止めてください。,くるま を とめて ください,,,,
止まる,とまる,電車が止まりました。,でんしゃ が とまりました,,,,
止む,やむ,雨が止みました。,あめ が やみました,,,,
歩道,ほどう,歩道を歩きます。,ほどう を あるきます,,,,
うまい,うまい,この料理はうまいです。,この りょうり は うまい です,,,,
渡す,わたす,友達に本を渡しました。,ともだち に ほん を わたしました,,,,
渡る,わたる,橋を渡ります。,はし を わたります,,,,
年度,ねんど,今年度の計画を発表します。,こんねんど の けいかく を はっぴょう します,,,,
今度,こんど,今度一緒に食事しましょう。,こんど いっしょ に しょくじ しましょう,,,,
ガラス,ガラス,窓ガラスが割れました。,まど ガラス が われました,,,,
何度,なんど,何度も質問しました。,なんど も しつもん しました,,,,
最近,さいきん,最近忙しいです。,さいきん いそがしい です,,,,
遠く,とおく,遠くに山が見えます。,とおく に やま が みえます,,,,
社長,しゃちょう,社長に挨拶しました。,しゃちょう に あいさつ しました,,,,
コース,コース,このコースを選びました。,この コース を えらびました,,,,
会長,かいちょう,会長がスピーチをしました。,かいちょう が スピーチ を しました,,,,
長さ,ながさ,この川の長さは100キロです。,この かわ の ながさ は 100 キロ です,,,,
長男,ちょうなん,長男が大学に通っています。,ちょうなん が だいがく に かよっています,,,,
長女,ちょうじょ,長女は看護師です。,ちょうじょ は かんごし です,,,,
アパート,アパート,新しいアパートに引っ越しました。,あたらしい アパート に ひっこしました,,,,
広がる,ひろがる,空が広がっています。,そら が ひろがっています,,,,
広さ,ひろさ,この部屋の広さはどれくらいですか？,この へや の ひろさ は どれくらい です か？,,,,
全体,ぜんたい,全体の意見を聞きます。,ぜんたい の いけん を ききます,,,,
全く,まったく,全く分かりません。,まったく わかりません,,,,
レコード,レコード,古いレコードを聴きました。,ふるい レコード を ききました,,,,
安全,あんぜん,安全運転を心がけます。,あんぜん うんてん を こころがけます,,,,
一部,いちぶ,計画の一部を変更しました。,けいかく の いちぶ を へんこう しました,,,,
部分,ぶぶん,問題の部分を解決しました。,もんだい の ぶぶん を かいけつ しました,,,,
国内,こくない,国内旅行を計画しています。,こくない りょこう を けいかく しています,,,,
どんどん,どんどん,どんどん進みましょう。,どんどん すすみましょう,,,,
全国,ぜんこく,全国大会に出場します。,ぜんこく たいかい に しゅつじょう します,,,,
外国,がいこく,外国に行きたいです。,がいこく に いきたい です,,,,
国会,こっかい,国会が開催されました。,こっかい が かいさい されました,,,,
帰国,きこく,帰国して家族に会いました。,きこく して かぞく に あいました,,,,
カメラ,カメラ,新しいカメラを買いました。,あたらしい カメラ を かいました,,,,
外国人,がいこくじん,外国人と話しました。,がいこくじん と はなしました,,,,
外国語,がいこくご,外国語を勉強しています。,がいこくご を べんきょう しています,,,,
世界,せかい,世界は広いです。,せかい は ひろい です,,,,
白,しろ,白い雪が降っています。,しろい ゆき が ふっています,,,,
テープ,テープ,古いテープを見つけました。,ふるい テープ を みつけました,,,,
黒,くろ,黒い猫を見ました。,くろい ねこ を みました,,,,
赤ちゃん,あかちゃん,赤ちゃんが泣いています。,あかちゃん が ないています,,,,
赤,あか,赤い花が咲いています。,あかい はな が さいています,,,,
ビール,ビール,冷たいビールを飲みます。,つめたい ビール を のみます,,,,
銀行,ぎんこう,銀行でお金を下ろしました。,ぎんこう で おかね を おろしました,,,,
銀,ぎん,銀の指輪を買いました。,ぎん の ゆびわ を かいました,,,,
地下鉄,ちかてつ,地下鉄に乗りました。,ちかてつ に のりました,,,,
牛肉,ぎゅうにく,牛肉を料理します。,ぎゅうにく を りょうり します,,,,
ページ,ページ,この本の3ページを読んでください。,この ほん の 3 ページ を よんで ください,,,,
肉,にく,肉を焼きました。,にく を やきました,,,,
分野,ぶんや,彼はこの分野の専門家です。,かれ は この ぶんや の せんもんか です,,,,
野菜,やさい,野菜をたくさん食べましょう。,やさい を たくさん たべましょう,,,,
グラフ,グラフ,売上グラフを見せてください。,うりあげ グラフ を みせて ください,,,,
本屋,ほんや,本屋で本を買いました。,ほんや で ほん を かいました,,,,
八百屋,やおや,八百屋で果物を買いました。,やおや で くだもの を かいました,,,,
そば屋,そばや,そば屋で昼ご飯を食べました。,そばや で ひるごはん を たべました,,,,
たばこ屋,たばこや,たばこ屋でたばこを買いました。,たばこや で たばこ を かいました,,,,
ポスト,ポスト,手紙をポストに入れました。,てがみ を ポスト に いれました,,,,
茶,ちゃ,日本のお茶を飲みました。,にほん の おちゃ を のみました,,,,
お茶,おちゃ,お茶を一緒に飲みましょう。,おちゃ を いっしょ に のみましょう,,,,
茶わん,ちゃわん,茶わんを洗いました。,ちゃわん を あらいました,,,,
味,あじ,このスープはいい味です。,この スープ は いい あじ です,,,,
テスト,テスト,明日はテストがあります。,あした は テスト が あります,,,,
未来,みらい,未来について考えています。,みらい について かんがえています,,,,
週末,しゅうまつ,週末に映画を見ます。,しゅうまつ に えいが を みます,,,,
料理,りょうり,料理が趣味です。,りょうり が しゅみ です,,,,
無理,むり,それは無理です。,それ は むり です,,,,
無くす,なくす,鍵を無くしました。,かぎ を なくしました,,,,
無くなる,なくなる,電池が無くなりました。,でんち が なくなりました,,,,
作文,さくぶん,作文を書きました。,さくぶん を かきました,,,,
用いる,もちいる,新しい方法を用います。,あたらしい ほうほう を もちいます,,,,
ゴルフ,ゴルフ,週末にゴルフをします。,しゅうまつ に ゴルフ を します,,,,
用事,ようじ,用事があって外出します。,ようじ が あって がいしゅつ します,,,,
交通費,こうつうひ,交通費を払いました。,こうつうひ を はらいました,,,,
消える,きえる,電気が消えました。,でんき が きえました,,,,
消しゴム,けしごむ,消しゴムを使いました。,けしごむ を つかいました,,,,
ラジオ,ラジオ,朝ラジオを聴きます。,あさ ラジオ を ききます,,,,
売れる,うれる,この商品はよく売れます。,この しょうひん は よく うれます,,,,
売り場,うりば,本の売り場はどこですか？,ほん の うりば は どこ です か？,,,,
店員,てんいん,店員に聞きました。,てんいん に ききました,,,,
売店,ばいてん,駅の売店で雑誌を買いました。,えき の ばいてん で ざっし を かいました,,,,
タクシー,タクシー,タクシーを呼びました。,タクシー を よびました,,,,
商品,しょうひん,この商品は高いです。,この しょうひん は たかい です,,,,
作品,さくひん,この作品は素晴らしいです。,この さくひん は すばらしい です,,,,
販売,はんばい,この商品は販売中です。,この しょうひん は はんばいちゅう です,,,,
二階,にかい,二階に上がってください。,にかい に あがって ください,,,,
ゆっくり,ゆっくり,ゆっくり話してください。,ゆっくり はなして ください,,,,
段階,だんかい,計画はまだ初期段階です。,けいかく は まだ しょき だんかい です,,,,
段々,だんだん,段々暖かくなります。,だんだん あたたかく なります,,,,
値段,ねだん,値段を教えてください。,ねだん を おしえて ください,,,,
レストラン,レストラン,レストランで食事をしました。,れすとらん で しょくじ を しました,,,,
価格,かかく,価格は少し高いです。,かかく は すこし たかい です,,,,
合格,ごうかく,試験に合格しました。,しけん に ごうかく しました,,,,
夏休み,なつやすみ,夏休みに海に行きます。,なつやすみ に うみ に いきます,,,,
冬休み,ふゆやすみ,冬休みにスキーをします。,ふゆやすみ に すきー を します,,,,
カード,カード,クレジットカードを使います。,くれじっとかーど を つかいます,,,,
四季,しき,日本には四季があります。,にほん には しき が あります,,,,
暑さ,あつさ,暑さに慣れています。,あつさ に なれています,,,,
熱,ねつ,熱が出ました。,ねつ が でました,,,,
寒さ,さむさ,寒さが厳しいです。,さむさ が きびしい です,,,,
アルバイト,あるばいと,私はアルバイトをしています。,わたし は あるばいと を しています,,,,
暖める,あたためる,スープを暖めます。,すーぷ を あたためます,,,,
暖まる,あたたまる,部屋が暖まりました。,へや が あたたまりました,,,,
温度,おんど,温度を確認してください。,おんど を かくにん して ください,,,,
気温,きおん,今日の気温は高いです。,きょう の きおん は たかい です,,,,
コピー,コピー,コピーを取ります。,こぴー を とります,,,,
台,だい,台風が来ます。,たいふう が きます,,,,
風,かぜ,風が強いです。,かぜ が つよい です,,,,
台風,たいふう,台風が近づいています。,たいふう が ちかづいています,,,,
事情,じじょう,事情が変わりました。,じじょう が かわりました,,,,
ぶつかる,ぶつかる,車がぶつかりました。,くるま が ぶつかりました,,,,
情報,じょうほう,情報を集めています。,じょうほう を あつめています,,,,
報告,ほうこく,結果を報告します。,けっか を ほうこく します,,,,
新聞,しんぶん,毎朝新聞を読みます。,まいあさ しんぶん を よみます,,,,
新年,しんねん,新年おめでとうございます。,しんねん おめでとう ございます,,,,
フィルム,ふぃるむ,古いフィルムを見つけました。,ふるい ふぃるむ を みつけました,,,,
良い,よい,これはとても良い本です。,これ は とても よい ほん です,,,,
中心,ちゅうしん,町の中心に公園があります。,まち の ちゅうしん に こうえん が あります,,,,
安心,あんしん,安心してください。,あんしん して ください,,,,
思い出す,おもいだす,昔のことを思い出します。,むかし の こと を おもいだします,,,,
デパート,でぱーと,デパートで買い物をしました。,でぱーと で かいもの を しました,,,,
思い出,おもいで,旅行の思い出を話します。,りょこう の おもいで を はなします,,,,
考え,かんがえ,良い考えがあります。,よい かんがえ が あります,,,,
解決,かいけつ,問題を解決しました。,もんだい を かいけつ しました,,,,
知らせる,しらせる,友達に知らせます。,ともだち に しらせます,,,,
ベッド,べっど,新しいベッドを買いました。,あたらしい べっど を かいました,,,,
能力,のうりょく,彼は高い能力を持っています。,かれ は たかい のうりょく を もっています,,,,
可能,かのう,それは可能です。,それ は かのう です,,,,
可,か,この案は可とします。,この あん は か と します,,,,
郵便,ゆうびん,郵便を出します。,ゆうびん を だします,,,,
コート,こーと,コートを着ます。,こーと を きます,,,,
不便,ふべん,この場所は不便です。,この ばしょ は ふべん です,,,,
郵便屋さん,ゆうびんやさん,郵便屋さんが手紙を届けてくれます。,ゆうびんやさん が てがみ を とどけて くれます,,,,
郵便局,ゆうびんきょく,郵便局で荷物を送りました。,ゆうびんきょく で にもつ を おくりました,,,,
交番,こうばん,交番で道を聞きました。,こうばん で みち を ききました,,,,
ノート,のーと,ノートに書きます。,のーと に かきます,,,,
番地,ばんち,ここは私の番地です。,ここ は わたし の ばんち です,,,,
番号,ばんごう,電話番号を教えてください。,でんわ ばんごう を おしえて ください,,,,
場所,ばしょ,良い場所を探しています。,よい ばしょ を さがしています,,,,
近所,きんじょ,近所の人と話します。,きんじょ の ひと と はなします,,,,
ワイン,わいん,私はワインを飲みます。,わたし は わいん を のみます,,,,
台所,だいどころ,台所で料理を作ります。,だいどころ で りょうり を つくります,,,,
住所,じゅうしょ,住所を書いてください。,じゅうしょ を かいて ください,,,,
有名,ゆうめい,これは有名な映画です。,これ は ゆうめい な えいが です,,,,
名字,みょうじ,彼の名字は山田です。,かれ の みょうじ は やまだ です,,,,
氏名,しめい,氏名を記入してください。,しめい を きにゅう して ください,,,,
各国,かっこく,各国の代表が集まりました。,かっこく の だいひょう が あつまりました,,,,
町,まち,町を散歩します。,まち を さんぽ します,,,,
トイレ,といれ,トイレはどこですか。,といれ は どこ です か,,,,
都市,とし,これは大きな都市です。,これ は おおきな とし です,,,,
都合,つごう,都合が良い時間を教えてください。,つごう が よい じかん を おしえて ください,,,,
朝御飯,あさごはん,毎日朝御飯を食べます。,まいにち あさごはん を たべます,,,,
買い物,かいもの,買い物に行きます。,かいもの に いきます,,,,
キャンプ,きゃんぷ,週末にキャンプに行きます。,しゅうまつ に きゃんぷ に いきます,,,,
荷物,にもつ,荷物を持ちます。,にもつ を もちます,,,,
品物,しなもの,品物を選びます。,しなもの を えらびます,,,,
見物,けんぶつ,観光地を見物します。,かんこうち を けんぶつ します,,,,
物,もの,これは大切な物です。,これ は たいせつ な もの です,,,,
プラスチック,ぷらすちっく,プラスチック製の容器を使います。,ぷらすちっく せい の ようき を つかいます,,,,
忘れ物,わすれもの,電車に忘れ物をしました。,でんしゃ に わすれもの を しました,,,,
重さ,おもさ,荷物の重さを測ります。,にもつ の おもさ を はかります,,,,
配る,くばる,プリントを配ります。,ぷりんと を くばります,,,,
配達,はいたつ,荷物を配達します。,にもつ を はいたつ します,,,,
カラー,からー,新しいカラーのシャツを買いました。,あたらしい からー の しゃつ を かいました,,,,
心配,しんぱい,試験が心配です。,しけん が しんぱい です,,,,
見送る,みおくる,友達を見送りました。,ともだち を みおくりました,,,,
見送り,みおくり,見送りに来てくれました。,みおくり に きて くれました,,,,
受ける,うける,試験を受けます。,しけん を うけます,,,,
ピアノ,ぴあの,ピアノを弾きます。,ぴあの を ひきます,,,,
受け取る,うけとる,荷物を受け取りました。,にもつ を うけとりました,,,,
取れる,とれる,ボタンが取れました。,ぼたん が とれました,,,,
書き取る,かきとる,話を正確に書き取ります。,はなし を せいかく に かきとります,,,,
届く,とどく,手紙が届きました。,てがみ が とどきました,,,,
スキー,すきー,冬にスキーをします。,ふゆ に すきー を します,,,,
届ける,とどける,荷物を届けました。,にもつ を とどけました,,,,
持つ,もつ,荷物を持っています。,にもつ を もっています,,,,
金持ち,かねもち,彼は金持ちです。,かれ は かねもち です,,,,
持って行く,もっていく,荷物を持って行きます。,にもつ を もって いきます,,,,
なかなか,なかなか,この問題はなかなか難しいです。,この もんだい は なかなか むずかしい です,,,,
持って来る,もってくる,飲み物を持って来ます。,のみもの を もって きます,,,,
打つ,うつ,ボールを打ちます。,ぼーる を うちます,,,,
投げる,なげる,ボールを投げます。,ぼーる を なげます,,,,
生まれる,うまれる,赤ちゃんが生まれました。,あかちゃん が うまれました,,,,
プール,ぷーる,プールで泳ぎます。,ぷーる で およぎます,,,,
生む,うむ,彼女は元気な子供を生んだ。,かのじょ は げんき な こども を うんだ,,,,
女性,じょせい,女性が集まって話しています。,じょせい が あつまって はなしています,,,,
生産,せいさん,この工場は車を生産しています。,この こうじょう は くるま を せいさん しています,,,,
お土産,おみやげ,旅行のお土産を買いました。,りょこう の おみやげ を かいました,,,,
ホーム,ホーム,駅のホームで待っています。,えき の ほーむ で まっています,,,,
生活,せいかつ,都市での生活は便利です。,とし で の せいかつ は べんり です,,,,
生徒,せいと,生徒たちが教室に入ります。,せいとたち が きょうしつ に はいります,,,,
中学,ちゅうがく,彼は中学の先生です。,かれ は ちゅうがく の せんせい です,,,,
入学,にゅうがく,彼女は来年高校に入学します。,かのじょ は らいねん こうこう に にゅうがく します,,,,
エレベーター,エレベーター,エレベーターで上に上がります。,えれべーたー で うえ に あがります,,,,
中学生,ちゅうがくせい,中学生が図書館で勉強しています。,ちゅうがくせい が としょかん で べんきょう しています,,,,
小学生,しょうがくせい,小学生が公園で遊んでいます。,しょうがくせい が こうえん で あそんでいます,,,,
見学,けんがく,工場を見学しました。,こうじょう を けんがく しました,,,,
通学,つうがく,通学に電車を使います。,つうがく に でんしゃ を つかいます,,,,
メモ,メモ,大事なことをメモしてください。,だいじ な こと を めも してください,,,,
高校,こうこう,彼は高校を卒業しました。,かれ は こうこう を そつぎょう しました,,,,
小学校,しょうがっこう,その子供は小学校に通っています。,その こども は しょうがっこう に かよっています,,,,
中学校,ちゅうがっこう,中学校の校長先生に会いました。,ちゅうがっこう の こうちょう せんせい に あいました,,,,
校長,こうちょう,校長先生が挨拶をしました。,こうちょう せんせい が あいさつ を しました,,,,
パン,パン,朝ご飯にパンを食べました。,あさごはん に ぱん を たべました,,,,
休校,きゅうこう,大雪のため学校は休校です。,おおゆき の ため がっこう は きゅうこう です,,,,
教会,きょうかい,教会で結婚式がありました。,きょうかい で けっこんしき が ありました,,,,
教育,きょういく,教育は重要です。,きょういく は じゅうよう です,,,,
育てる,そだてる,彼女は花を育てるのが得意です。,かのじょ は はな を そだてる の が とくい です,,,,
びっくりする,びっくりする,彼の言葉にびっくりしました。,かれ の ことば に びっくり しました,,,,
育つ,そだつ,この植物は早く育ちます。,この しょくぶつ は はやく そだちます,,,,
制度,せいど,日本の教育制度はよく整っています。,にほん の きょういく せいど は よく ととのっています,,,,
強さ,つよさ,彼の強さに驚きました。,かれ の つよさ に おどろきました,,,,
取引,とりひき,取引先と会議を行います。,とりひきさき と かいぎ を おこないます,,,,
ズボン,ズボン,新しいズボンを買いました。,あたらしい ずぼん を かいました,,,,
引き出し,ひきだし,鍵は引き出しの中にあります。,かぎ は ひきだし の なか に あります,,,,
押さえる,おさえる,帽子を押さえてください。,ぼうし を おさえて ください,,,,
押し入れ,おしいれ,布団を押し入れにしまいます。,ふとん を おしいれ に しまいます,,,,
練習,れんしゅう,ピアノの練習をしています。,ぴあの の れんしゅう を しています,,,,
習う,ならう,彼は日本語を習っています。,かれ は にほんご を ならっています,,,,
慣れる,なれる,新しい環境に慣れるのに時間がかかります。,あたらしい かんきょう に なれる の に じかん が かかります,,,,
習慣,しゅうかん,早起きは良い習慣です。,はやおき は よい しゅうかん です,,,,
研究,けんきゅう,大学で新しい薬を研究しています。,だいがく で あたらしい くすり を けんきゅう しています,,,,
グラム,グラム,このケーキは500グラムです。,この けーき は 500 ぐらむ です,,,,
試験,しけん,来週試験があります。,らいしゅう しけん が あります,,,,
問題,もんだい,この問題は難しいです。,この もんだい は むずかしい です,,,,
簡単,かんたん,この問題は簡単です。,この もんだい は かんたん です,,,,
複雑,ふくざつ,この仕組みは複雑です。,この しくみ は ふくざつ です,,,,
コーヒー,コーヒー,朝にコーヒーを飲みます。,あさ に こーひー を のみます,,,,
数字,すうじ,数字をノートに書きました。,すうじ を のーと に かきました,,,,
数学,すうがく,彼は数学が得意です。,かれ は すうがく が とくい です,,,,
数える,かぞえる,彼女は星を数えています。,かのじょ は ほし を かぞえています,,,,
今回,こんかい,今回の試験は簡単でした。,こんかい の しけん は かんたん でした,,,,
テント,テント,キャンプでテントを使いました。,きゃんぷ で てんと を つかいました,,,,
回る,まわる,地球は回っています。,ちきゅう は まわっています,,,,
回す,まわす,彼はハンドルを回しました。,かれ は はんどる を まわしました,,,,
個人,こじん,個人の意見を尊重してください。,こじん の いけん を そんちょう して ください,,,,
担当,たんとう,私はこのプロジェクトを担当しています。,わたし は この ぷろじぇくと を たんとう して います,,,,
ボート,ボート,湖でボートに乗った。,みずうみ で ぼーと に のった,,,,
当たる,あたる,宝くじが当たった！,たからくじ が あたった,,,,
当時,とうじ,当時、私は学生でした。,とうじ、わたし は がくせい でした,,,,
本当,ほんとう,それは本当の話です。,それ は ほんとう の はなし です,,,,
当然,とうぜん,努力すれば成功するのは当然です。,どりょく すれば せいこう する の は とうぜん です,,,,
ボール,ボール,子供たちは公園でボール遊びをしています。,こどもたち は こうえん で ぼーる あそび を して います,,,,
全然,ぜんぜん,彼の話は全然面白くなかった。,かれ の はなし は ぜんぜん おもしろく なかった,,,,
方法,ほうほう,この問題を解決する方法を教えてください。,この もんだい を かいけつ する ほうほう を おしえて ください,,,,
法律,ほうりつ,この法律は昨年施行されました。,この ほうりつ は さくねん しこう されました,,,,
規則,きそく,学校の規則に従いましょう。,がっこう の きそく に したがいましょう,,,,
オートバイ,オートバイ,オートバイで通勤しています。,おーとばい で つうきん して います,,,,
経験,けいけん,彼は多くの経験を持っています。,かれ は おおく の けいけん を もっています,,,,
経つ,たつ,時間が経つのは早いですね。,じかん が たつ の は はやい です ね,,,,
経済,けいざい,日本の経済は成長しています。,にほん の けいざい は せいちょう して います,,,,
経営,けいえい,彼は会社を経営しています。,かれ は かいしゃ を けいえい して います,,,,
ひどい,ひどい,ひどい雨が降っています。,ひどい あめ が ふっています,,,,
株,かぶ,株の値段が急に上がった。,かぶ の ねだん が きゅう に あがった,,,,
企業,きぎょう,大企業で働いています。,だいきぎょう で はたらいて います,,,,
作業,さぎょう,この作業は時間がかかります。,この さぎょう は じかん が かかります,,,,
産業,さんぎょう,日本は工業産業が発展しています。,にほん は こうぎょう さんぎょう が はってん して います,,,,
工業,こうぎょう,工業はこの地域の主要な産業です。,こうぎょう は この ちいき の しゅよう な さんぎょう です,,,,
商業,しょうぎょう,商業は経済の重要な部分です。,しょうぎょう は けいざい の じゅうよう な ぶぶん です,,,,
利用,りよう,図書館を利用しています。,としょかん を りよう して います,,,,
便利,べんり,スマートフォンは便利です。,すまーとふぉん は べんり です,,,,
スイッチ,スイッチ,このスイッチを押してください。,この すいっち を おして ください,,,,
技術,ぎじゅつ,新しい技術が開発されました。,あたらしい ぎじゅつ が かいはつ されました,,,,
手術,しゅじゅつ,彼は手術を受けました。,かれ は しゅじゅつ を うけました,,,,
製造,せいぞう,この工場は車を製造しています。,この こうじょう は くるま を せいぞう して います,,,,
必ず,かならず,必ず宿題をやってください。,かならず しゅくだい を やって ください,,,,
プレゼント,プレゼント,友達にプレゼントを贈りました。,ともだち に ぷれぜんと を おくりました,,,,
必要,ひつよう,この情報は必要です。,この じょうほう は ひつよう です,,,,
重要,じゅうよう,健康は重要です。,けんこう は じゅうよう です,,,,
要求,ようきゅう,彼の要求は正当です。,かれ の ようきゅう は せいとう です,,,,
目覚まし時計,めざましどけい,目覚まし時計を7時にセットしました。,めざましどけい を しちじ に せっと しました,,,,
計算,けいさん,計算が正確でした。,けいさん が せいかく でした,,,,
引き算,ひきざん,引き算を練習しています。,ひきざん を れんしゅう して います,,,,
足し算,たしざん,足し算は簡単です。,たしざん は かんたん です,,,,
交差点,こうさてん,交差点を渡るときは注意してください。,こうさてん を わたる とき は ちゅうい して ください,,,,
テニス,テニス,週末にテニスをしました。,しゅうまつ に てにす を しました,,,,
割る,わる,ガラスを割らないでください。,がらす を わらない で ください,,,,
割れる,われる,コップが割れました。,こっぷ が われました,,,,
割り算,わりざん,割り算を勉強しています。,わりざん を べんきょう して います,,,,
残る,のこる,ケーキが少し残っています。,けーき が すこし のこって います,,,,
こちら,こちら,こちらへどうぞ。,こちら へ どうぞ,,,,
残す,のこす,宿題を残しておかないでください。,しゅくだい を のこして おかないで ください,,,,
返す,かえす,本を図書館に返しました。,ほん を としょかん に かえしました,,,,
返事,へんじ,彼からの返事を待っています。,かれ から の へんじ を まって います,,,,
借りる,かりる,友達からお金を借りました。,ともだち から おかね を かりました,,,,
ボタン,ボタン,このボタンを押してください。,この ぼたん を おして ください,,,,
貸す,かす,彼に本を貸しました。,かれ に ほん を かしました,,,,
貸し出す,かしだす,図書館は本を貸し出します。,としょかん は ほん を かしだします,,,,
申し込む,もうしこむ,イベントに申し込みました。,いべんと に もうしこみました,,,,
期待,きたい,彼の成功を期待しています。,かれ の せいこう を きたい しています,,,,
おかしい,おかしい,その話はおかしいですね。,その はなし は おかしい です ね,,,,
期間,きかん,この期間は特別なセールがあります。,この きかん は とくべつな せーる が あります,,,,
時期,じき,今は忙しい時期です。,いま は いそがしい じき です,,,,
限る,かぎる,この商品は数が限られています。,この しょうひん は かず が かぎられています,,,,
コート,こーと,寒いのでコートを着ています。,さむい ので こーと を きています,,,,
急,きゅう,急な用事ができました。,きゅう な ようじ が できました,,,,
急行,きゅうこう,急行電車に乗りました。,きゅうこう でんしゃ に のりました,,,,
切れる,きれる,このナイフはよく切れます。,この ないふ は よく きれます,,,,
ドラマ,どらま,面白いドラマを見ています。,おもしろい どらま を みています,,,,
切手,きって,切手を集めています。,きって を あつめています,,,,
売り切れる,うりきれる,人気の商品がすぐ売り切れました。,にんき の しょうひん が すぐ うりきれました,,,,
売り切れ,うりきれ,この店の商品は売り切れが多いです。,この みせ の しょうひん は うりきれ が おおい です,,,,
大切,たいせつ,健康はとても大切です。,けんこう は とても たいせつ です,,,,
ビザ,びざ,旅行のためにビザが必要です。,りょこう の ため に びざ が ひつよう です,,,,
切符,きっぷ,電車の切符を買いました。,でんしゃ の きっぷ を かいました,,,,
入場券,にゅうじょうけん,映画館の入場券を買いました。,えいがかん の にゅうじょうけん を かいました,,,,
家賃,やちん,毎月家賃を払っています。,まいつき やちん を はらっています,,,,
時代,じだい,これは新しい時代の始まりです。,これ は あたらしい じだい の はじまり です,,,,
ポケット,ぽけっと,財布をポケットに入れました。,さいふ を ぽけっと に いれました,,,,
代わる,かわる,彼が私の代わりに行きました。,かれ が わたし の かわり に いきました,,,,
代える,かえる,計画を新しいものに代えました。,けいかく を あたらしい もの に かえました,,,,
指,ゆび,指をけがしました。,ゆび を けがしました,,,,
決定,けってい,新しいリーダーが決定しました。,あたらしい りーだー が けってい しました,,,,
そろそろ,そろそろ,そろそろ帰ります。,そろそろ かえります,,,,
一定,いってい,温度を一定に保ちます。,おんど を いってい に たもちます,,,,
定期券,ていきけん,定期券を購入しました。,ていきけん を こうにゅう しました,,,,
予定,よてい,明日の予定を確認しました。,あした の よてい を かくにん しました,,,,
天気予報,てんきよほう,天気予報を見ましたか。,てんきよほう を みました か,,,,
ぶどう,ぶどう,ぶどうが美味しいです。,ぶどう が おいしい です,,,,
予習,よしゅう,授業の前に予習しました。,じゅぎょう の まえ に よしゅう しました,,,,
予約,よやく,レストランを予約しました。,れすとらん を よやく しました,,,,
約束,やくそく,友達と約束があります。,ともだち と やくそく が あります,,,,
変わる,かわる,季節が変わりました。,きせつ が かわりました,,,,
めったに,めったに,彼はめったに怒りません。,かれ は めったに おこりません,,,,
変,へん,この考え方は変です。,この かんがえかた は へん です,,,,
変化,へんか,大きな変化がありました。,おおきな へんか が ありました,,,,
強化,きょうか,体力を強化するために運動します。,たいりょく を きょうか する ため に うんどう します,,,,
クリスマス,くりすます,今年のクリスマスは楽しかったです。,ことし の くりすます は たのしかった です,,,,
文化,ぶんか,日本の文化を学びたいです。,にほん の ぶんか を まなびたい です,,,,
増える,ふえる,人口が増えています。,じんこう が ふえています,,,,
増やす,ふやす,運動時間を増やしました。,うんどう じかん を ふやしました,,,,
減る,へる,最近、体重が減りました。,さいきん、たいじゅう が へりました,,,,
ネクタイ,ねくたい,新しいネクタイを買いました。,あたらしい ねくたい を かいました,,,,
減らす,へらす,無駄を減らしたいです。,むだ を へらしたい です,,,,
乗り物,のりもの,乗り物に興味があります。,のりもの に きょうみ が あります,,,,
降りる,おりる,次の駅で降ります。,つぎ の えき で おります,,,,
降ろす,おろす,荷物を車から降ろしました。,にもつ を くるま から おろしました,,,,
バイオリン,ばいおりん,彼女はバイオリンを上手に弾きます。,かのじょ は バイオリン を じょうず に ひきます,,,,
降る,ふる,雨が降っています。,あめ が ふっています,,,,
着く,つく,駅に着きました。,えき に つきました,,,,
着物,きもの,着物を着て写真を撮りました。,きもの を きて しゃしん を とりました,,,,
下着,したぎ,新しい下着を買いました。,あたらしい したぎ を かいました,,,,
パスポート,ぱすぽーと,パスポートを忘れないでください。,ぱすぽーと を わすれない で ください,,,,
上着,うわぎ,寒いので上着を着てください。,さむい ので うわぎ を きて ください,,,,
着せる,きせる,母が子供にコートを着せた。,はは が こども に こーと を きせた,,,,
脱ぐ,ぬぐ,家に入る前に靴を脱いでください。,いえ に はいる まえ に くつ を ぬいで ください,,,,
立場,たちば,彼の立場を考えてください。,かれ の たちば を かんがえて ください,,,,
バッグ,ばっぐ,新しいバッグを買いました。,あたらしい ばっぐ を かいました,,,,
目立つ,めだつ,赤い車は目立ちます。,あかい くるま は めだちます,,,,
立てる,たてる,計画を立てましょう。,けいかく を たてましょう,,,,
役に立つ,やくにたつ,この本はとても役に立ちます。,この ほん は とても やくにたちます,,,,
出席,しゅっせき,彼は会議に出席しました。,かれ は かいぎ に しゅっせき しました,,,,
ゴム,ごむ,このゴムは伸びます。,この ごむ は のびます,,,,
席,せき,前の席に座ってください。,まえ の せき に すわって ください,,,,
欠席,けっせき,彼は今日の授業を欠席しました。,かれ は きょう の じゅぎょう を けっせき しました,,,,
次男,じなん,次男は中学生です。,じなん は ちゅうがくせい です,,,,
次女,じじょ,次女は大学生です。,じじょ は だいがくせい です,,,,
ギター,ぎたー,ギターを練習しています。,ぎたー を れんしゅう しています,,,,
運転,うんてん,車の運転が好きです。,くるま の うんてん が すき です,,,,
運転手,うんてんしゅ,運転手が親切でした。,うんてんしゅ が しんせつ でした,,,,
転ぶ,ころぶ,階段で転びました。,かいだん で ころびました,,,,
セーター,せーたー,暖かいセーターを着ています。,あたたかい せーたー を きています,,,,
移す,うつす,机を隣の部屋に移しました。,つくえ を となり の へや に うつしました,,,,
動き,うごき,彼の動きが早いです。,かれ の うごき が はやい です,,,,
運動,うんどう,毎朝運動しています。,まいあさ うんどう しています,,,,
活動,かつどう,その活動に参加しています。,その かつどう に さんか しています,,,,
動物,どうぶつ,動物園に行きました。,どうぶつえん に いきました,,,,
動かす,うごかす,この机は重くて動かせません。,この つくえ は おもくて うごかせません,,,,
不動産屋,ふどうさんや,不動産屋でアパートを探しました。,ふどうさんや で あぱーと を さがしました,,,,
カーテン,かーてん,カーテンを閉めてください。,かーてん を しめて ください,,,,
早口,はやくち,彼は早口で話します。,かれ は はやくち で はなします,,,,
速さ,はやさ,新幹線の速さに驚きました。,しんかんせん の はやさ に おどろきました,,,,
速達,そくたつ,速達で手紙を送りました。,そくたつ で てがみ を おくりました,,,,
シャツ,しゃつ,白いシャツを着ています。,しろい しゃつ を きています,,,,
遅れる,おくれる,バスが遅れています。,ばす が おくれています,,,,
開始,かいし,イベントは10時に開始します。,いべんと は じゅうじ に かいし します,,,,
始めに,はじめに,始めに自己紹介をしました。,はじめに じこしょうかい を しました,,,,
現在,げんざい,現在は東京に住んでいます。,げんざい は とうきょう に すんでいます,,,,
ナイフ,ないふ,鋭いナイフを使いました。,するどい ないふ を つかいました,,,,
実現,じつげん,夢を実現しました。,ゆめ を じつげん しました,,,,
実施,じっし,新しい計画を実施しました。,あたらしい けいかく を じっし しました,,,,
事実,じじつ,それは事実です。,それ は じじつ です,,,,
実行,じっこう,計画を実行しました。,けいかく を じっこう しました,,,,
バイク,ばいく,バイクで通勤しています。,ばいく で つうきん しています,,,,
実験,じっけん,科学の実験を行いました。,かがく の じっけん を おこないました,,,,
通過,つうか,この電車は通過します。,この でんしゃ は つうか します,,,,
過ぎる,すぎる,時間が過ぎるのが早いです。,じかん が すぎる の が はやい です,,,,
昼過ぎ,ひるすぎ,昼過ぎに出かけます。,ひるすぎ に でかけます,,,,
過去,かこ,過去のことを考えないでください。,かこ の こと を かんがえないで ください,,,,
開発,かいはつ,新しいアプリを開発しました。,あたらしい あぷり を かいはつ しました,,,,
発生,はっせい,事故が発生しました。,じこ が はっせい しました,,,,
発言,はつげん,彼の発言に驚きました。,かれ の はつげん に おどろきました,,,,
オレンジ,オレンジ,オレンジを食べました。,おれんじ を たべました,,,,
発見,はっけん,新しい星を発見しました。,あたらしい ほし を はっけん しました,,,,
出発,しゅっぱつ,明日の朝に出発します。,あした の あさ に しゅっぱつ します,,,,
発車,はっしゃ,電車が発車しました。,でんしゃ が はっしゃ しました,,,,
発表,はっぴょう,新しい製品を発表しました。,あたらしい せいひん を はっぴょう しました,,,,
きつい,きつい,この靴はきついです。,この くつ は きつい です,,,,
表現,ひょうげん,彼の表現はわかりやすいです。,かれ の ひょうげん は わかりやすい です,,,,
代表,だいひょう,日本の代表チームが試合に出ます。,にほん の だいひょう ちーむ が しあい に でます,,,,
表,おもて,この紙の表を見てください。,この かみ の おもて を みてください,,,,
表,ひょう,データはこの表にまとめました。,でーた は この ひょう に まとめました,,,,
さっき,さっき,さっき駅に着きました。,さっき えき に つきました,,,,
手紙,てがみ,手紙を書きました。,てがみ を かきました,,,,
絵,え,この絵は美しいです。,この え は うつくしい です,,,,
雑誌,ざっし,雑誌を読みました。,ざっし を よみました,,,,
音,おと,この音はとても静かです。,この おと は とても しずか です,,,,
テキスト,テキスト,教科書のテキストを読んでください。,きょうかしょ の てきすと を よんでください,,,,
音,おと,ドアの音が聞こえます。,どあ の おと が きこえます,,,,
音楽,おんがく,音楽を聴きます。,おんがく を ききます,,,,
薬,くすり,薬を飲みました。,くすり を のみました,,,,
歌,うた,彼は歌が上手です。,かれ は うた が じょうず です,,,,
ビニール,ビニール,ビニール袋を持っています。,びにーる ぶくろ を もっています,,,,
歌手,かしゅ,有名な歌手に会いました。,ゆうめい な かしゅ に あいました,,,,
欲しがる,ほしがる,彼女は新しいバッグを欲しがっています。,かのじょ は あたらしい ばっぐ を ほしがっています,,,,
計画,けいかく,旅行の計画を立てました。,りょこう の けいかく を たてました,,,,
映画,えいが,映画を見に行きました。,えいが を みに いきました,,,,
りんご,りんご,りんごを一つください。,りんご を ひとつ ください,,,,
面白い,おもしろい,この本はとても面白いです。,この ほん は とても おもしろい です,,,,
写る,うつる,写真がきれいに写っています。,しゃしん が きれい に うつっています,,,,
写す,うつす,写真を写しました。,しゃしん を うつしました,,,,
写真,しゃしん,旅行の写真を見せてください。,りょこう の しゃしん を みせてください,,,,
アルバム,アルバム,卒業アルバムを見ています。,そつぎょう あるばむ を みています,,,,
真っ赤,まっか,彼の顔は真っ赤です。,かれ の かお は まっか です,,,,
真面目,まじめ,彼女はとても真面目です。,かのじょ は とても まじめ です,,,,
真ん中,まんなか,部屋の真ん中にテーブルがあります。,へや の まんなか に てーぶる が あります,,,,
真っ白,まっしろ,雪が真っ白です。,ゆき が まっしろ です,,,,
スカート,スカート,このスカートは短いです。,この すかーと は みじかい です,,,,
真っ暗,まっくら,部屋の中が真っ暗です。,へや の なか が まっくら です,,,,
真っ黒,まっくろ,炭は真っ黒です。,すみ は まっくろ です,,,,
真っ青,まっさお,空が真っ青です。,そら が まっさお です,,,,
色々,いろいろ,色々な種類の花があります。,いろいろ な しゅるい の はな が あります,,,,
ペン,ペン,ペンで名前を書いてください。,ぺん で なまえ を かいてください,,,,
人形,にんぎょう,この人形はかわいいです。,この にんぎょう は かわいい です,,,,
形,かたち,この箱の形は四角です。,この はこ の かたち は しかく です,,,,
大型,おおがた,大型の車を見ました。,おおがた の くるま を みました,,,,
種類,しゅるい,いろいろな種類の動物がいます。,いろいろ な しゅるい の どうぶつ が います,,,,
直す,なおす,時計を直しました。,とけい を なおしました,,,,
真っ直ぐ,まっすぐ,真っ直ぐに進んでください。,まっすぐ に すすんで ください,,,,
直接,ちょくせつ,直接彼に聞いてください。,ちょくせつ かれ に きいて ください,,,,
角,かど,次の角を右に曲がってください。,つぎ の かど を みぎ に まがって ください,,,,
きっと,きっと,きっと彼は来るでしょう。,きっと かれ は くる でしょう,,,,
三角,さんかく,このテーブルは三角形です。,この てーぶる は さんかくけい です,,,,
四角,しかく,四角い箱を買いました。,しかくい はこ を かいました,,,,
四角い,しかくい,この机は四角いです。,この つくえ は しかくい です,,,,
四つ角,よつかど,四つ角で信号を待っています。,よつかど で しんごう を まっています,,,,
メニュー,めにゅー,レストランのメニューを見ました。,れすとらん の めにゅー を みました,,,,
曲,きょく,この曲はとても有名です。,この きょく は とても ゆうめい です,,,,
曲げる,まげる,彼は針金を曲げた。,かれ は はりがね を まげた,,,,
曲がり角,まがりかど,次の曲がり角を左に曲がってください。,つぎ の まがりかど を ひだり に まがって ください,,,,
同様,どうよう,彼も同様に驚いた。,かれ も どうよう に おどろいた,,,,
アイスクリーム,あいすくりーむ,夏にアイスクリームをよく食べます。,なつ に あいすくりーむ を よく たべます,,,,
間違い,まちがい,彼の答えには間違いがありました。,かれ の こたえ には まちがい が ありました,,,,
間違える,まちがえる,私は電車を間違えました。,わたし は でんしゃ を まちがえました,,,,
間違う,まちがう,時々道を間違うことがあります。,ときどき みち を まちがう こと が あります,,,,
似ている,にている,彼女は母親に似ています。,かのじょ は ははおや に にています,,,,
以上,いじょう,これ以上はできません。,これ いじょう は できません,,,,
旅行,りょこう,私は旅行が好きです。,わたし は りょこう が すき です,,,,
大使館,たいしかん,パスポートを大使館で更新しました。,ぱすぽーと を たいしかん で こうしん しました,,,,
旅館,りょかん,日本の旅館に泊まりました。,にほん の りょかん に とまりました,,,,
ジュース,じゅーす,朝はいつもジュースを飲みます。,あさ は いつも じゅーす を のみます,,,,
映画館,えいがかん,映画館で新しい映画を見ました。,えいがかん で あたらしい えいが を みました,,,,
宿題,しゅくだい,宿題を忘れないでください。,しゅくだい を わすれないで ください,,,,
泊める,とめる,友達を家に泊めました。,ともだち を いえ に とめました,,,,
遊び,あそび,公園で遊びました。,こうえん で あそびました,,,,
ゼロ,ぜろ,温度計はゼロ度を示しています。,おんどけい は ぜろ ど を しめして います,,,,
洋服,ようふく,彼は新しい洋服を買いました。,かれ は あたらしい ようふく を かいました,,,,
教室,きょうしつ,教室で勉強しています。,きょうしつ で べんきょう しています,,,,
図書室,としょしつ,図書室で本を借りました。,としょしつ で ほん を かりました,,,,
窓,まど,窓を開けてください。,まど を あけて ください,,,,
ピンク,ぴんく,ピンクの花が咲いています。,ぴんく の はな が さいて います,,,,
親しい,したしい,彼とは親しい友人です。,かれ と は したしい ゆうじん です,,,,
親切,しんせつ,親切な人に道を教えてもらいました。,しんせつ な ひと に みち を おしえて もらいました,,,,
不親切,ふしんせつ,彼は不親切な態度を取りました。,かれ は ふしんせつ な たいど を とりました,,,,
家族,かぞく,家族と一緒に旅行しました。,かぞく と いっしょ に りょこう しました,,,,
グラス,ぐらす,グラスに水を注ぎました。,ぐらす に みず を そそぎました,,,,
万歳,ばんざい,試験に合格して万歳しました。,しけん に ごうかく して ばんざい しました,,,,
二十歳,はたち,彼女は二十歳になりました。,かのじょ は はたち に なりました,,,,
姉さん,ねえさん,姉さんは大学生です。,ねえさん は だいがくせい です,,,,
兄さん,にいさん,兄さんはサッカーが得意です。,にいさん は さっかー が とくい です,,,,
ダンス,だんす,ダンスを習っています。,だんす を ならっています,,,,
兄弟,きょうだい,兄弟で旅行に行きました。,きょうだい で りょこう に いきました,,,,
業者,ぎょうしゃ,引っ越し業者を呼びました。,ひっこし ぎょうしゃ を よびました,,,,
若者,わかもの,若者が集まっています。,わかもの が あつまっています,,,,
彼ら,かれら,彼らはサッカーの試合を見ています。,かれら は さっかー の しあい を みています,,,,
結合,けつごう,この問題は結合して解決します。,この もんだい は けつごう して かいけつ します,,,,
結果,けっか,試験の結果が発表されました。,しけん の けっか が はっぴょう されました,,,,
果物,くだもの,果物をたくさん買いました。,くだもの を たくさん かいました,,,,
課題,かだい,課題をしっかり取り組んでください。,かだい を しっかり とりくんで ください,,,,
サッカー,サッカー,彼はサッカーが得意です。,かれ は サッカー が とくい です,,,,
課,か,今日は課題を終わらせました。,きょう は かだい を おわらせました,,,,
効果,こうか,この薬は効果があります。,この くすり は こうか が あります,,,,
自動車,じどうしゃ,自動車を運転しています。,じどうしゃ を うんてん しています,,,,
自然,しぜん,自然が大好きです。,しぜん が だいすき です,,,,
スープ,スープ,スープを飲みました。,スープ を のみました,,,,
自習,じしゅう,今日は自習時間です。,きょう は じしゅう じかん です,,,,
理由,りゆう,その理由を教えてください。,その りゆう を おしえて ください,,,,
自由,じゆう,自由に話してください。,じゆう に はなして ください,,,,
バナナ,バナナ,バナナが好きです。,バナナ が すき です,,,,
信じる,しんじる,彼の言葉を信じています。,かれ の ことば を しんじています,,,,
信号,しんごう,信号を守ってください。,しんごう を まもって ください,,,,
頼む,たのむ,先生に頼みました。,せんせい に たのみました,,,,
市民,しみん,市民の声を聞く。,しみん の こえ を きく,,,,
住民,じゅうみん,住民が集まりました。,じゅうみん が あつまりました,,,,
主人,しゅじん,彼は店の主人です。,かれ は みせ の しゅじん です,,,,
議員,ぎいん,議員と話しました。,ぎいん と はなしました,,,,
会議,かいぎ,会議は午後に始まります。,かいぎ は ごご に はじまります,,,,
パトカー,パトカー,パトカーが通りました。,パトカー が とおりました,,,,
対する,たいする,その質問に対する答え。,その しつもん に たいする こたえ,,,,
対立,たいりつ,二人の意見が対立しています。,ふたり の いけん が たいりつ しています,,,,
反対,はんたい,その案には反対です。,その あん に はんたい です,,,,
答え,こたえ,彼の答えは正しかった。,かれ の こたえ は ただしかった,,,,
ハンバーガー,ハンバーガー,ハンバーガーを注文しました。,ハンバーガー を ちゅうもん しました,,,,
特に,とくに,特に好きなものはありません。,とくに すき な もの は ありません,,,,
特急,とっきゅう,特急電車に乗りました。,とっきゅう でんしゃ に のりました,,,,
特別,とくべつ,今日は特別な日です。,きょう は とくべつ な ひ です,,,,
別々,べつべつ,別々に会計をしました。,べつべつ に かいけい を しました,,,,
エスカレーター,エスカレーター,エスカレーターで上がりました。,エスカレーター で あがりました,,,,
別れる,わかれる,駅で友達と別れた。,えき で ともだち と わかれた,,,,
一般,いっぱん,一般の人々も参加できます。,いっぱん の ひとびと も さんか できます,,,,
目的,もくてき,旅行の目的は何ですか。,りょこう の もくてき は なん です か,,,,
普通,ふつう,普通の生活に戻りたい。,ふつう の せいかつ に もどりたい,,,,
タオル,タオル,タオルを貸してください。,タオル を かして ください,,,,
並ぶ,ならぶ,店の前に並んでいます。,みせ の まえ に ならんでいます,,,,
並べる,ならべる,本を棚に並べました。,ほん を たな に ならべました,,,,
平和,へいわ,平和を願っています。,へいわ を ねがっています,,,,
高等学校,こうとうがっこう,彼は高等学校の教師です。,かれ は こうとうがっこう の きょうし です,,,,
パチンコ,パチンコ,彼はパチンコが好きです。,かれ は パチンコ が すき です,,,,
病院,びょういん,病院で診察を受けました。,びょういん で しんさつ を うけました,,,,
入院,にゅういん,彼は昨日入院しました。,かれ は きのう にゅういん しました,,,,
大学院,だいがくいん,彼は大学院で研究しています。,かれ は だいがくいん で けんきゅう しています,,,,
医者,いしゃ,医者に診てもらいました。,いしゃ に みて もらいました,,,,
みかん,みかん,冬になるとみかんを食べます。,ふゆ に なる と みかん を たべます,,,,
歯医者,はいしゃ,歯医者に行きました。,はいしゃ に いきました,,,,
歯,は,歯が痛いです。,は が いたい です,,,,
歯ブラシ,はブラシ,新しい歯ブラシを買いました。,あたらしい はブラシ を かいました,,,,
ケーキ,ケーキ,ケーキを作りました。,ケーキ を つくりました,,,,
科学,かがく,科学の授業を受けています。,かがく の じゅぎょう を うけています,,,,
教科書,きょうかしょ,教科書を読んでください。,きょうかしょ を よんで ください,,,,
理科,りか,彼は理科の授業が得意です。,かれ は りか の じゅぎょう が とくい です,,,,
亡くなる,なくなる,彼のおじいさんが亡くなりました。,かれ の おじいさん が なくなりました,,,,
コップ,コップ,コップに水を注ぎました。,こっぷ に みず を そそぎました,,,,
疲れる,つかれる,一日中歩いて疲れました。,いちにちじゅう あるいて つかれました,,,,
禁煙,きんえん,このレストランは禁煙です。,この れすとらん は きんえん です,,,,
酔っ払い,よっぱらい,酔っ払いが道で叫んでいました。,よっぱらい が みち で さけんでいました,,,,
ナイロン,ナイロン,このシャツはナイロンでできています。,この しゃつ は ないろん で できています,,,,
酔っ払う,よっぱらう,彼はビールを飲みすぎて酔っ払いました。,かれ は びーる を のみすぎて よっぱらいました,,,,
危ない,あぶない,その道は危ないので気をつけてください。,その みち は あぶない ので き を つけてください,,,,
危険,きけん,危険な地域には行かない方がいいです。,きけん な ちいき に は いかない ほう が いい です,,,,
存在,そんざい,彼の存在はとても大切です。,かれ の そんざい は とても たいせつ です,,,,
スーツ,スーツ,今日はスーツを着ていきます。,きょう は すーつ を きて いきます,,,,
注目,ちゅうもく,彼の発表に注目が集まりました。,かれ の はっぴょう に ちゅうもく が あつまりました,,,,
注文,ちゅうもん,レストランでピザを注文しました。,れすとらん で ぴざ を ちゅうもん しました,,,,
意味,いみ,この言葉の意味を教えてください。,この ことば の いみ を おしえて ください,,,,
意見,いけん,彼の意見はとても参考になります。,かれ の いけん は とても さんこう に なります,,,,
チケット,チケット,映画のチケットを買いました。,えいが の ちけっと を かいました,,,,
注意,ちゅうい,先生は生徒に注意を与えました。,せんせい は せいと に ちゅうい を あたえました,,,,
用意,ようい,会議の資料を用意してください。,かいぎ の しりょう を ようい してください,,,,
確か,たしか,彼の住所は確か大阪です。,かれ の じゅうしょ は たしか おおさか です,,,,
確認,かくにん,予約を確認してください。,よやく を かくにん してください,,,,
チョコレート,チョコレート,バレンタインデーにチョコレートをもらいました。,ばれんたいんでー に ちょこれーと を もらいました,,,,
機能,きのう,このアプリには便利な機能があります。,この あぷり に は べんり な きのう が あります,,,,
ジェット機,じぇっとき,空港でジェット機を見ました。,くうこう で じぇっとき を みました,,,,
機械,きかい,彼は新しい機械を操作しています。,かれ は あたらしい きかい を そうさ しています,,,,
材料,ざいりょう,料理の材料を買いました。,りょうり の ざいりょう を かいました,,,,
チャンネル,ちゃんねる,テレビのチャンネルを変えました。,てれび の ちゃんねる を かえました,,,,
具体的,ぐたいてき,具体的な例を教えてください。,ぐたいてき な れい を おしえて ください,,,,
基づく,もとづく,この結果はデータに基づいています。,この けっか は でーた に もとづいています,,,,
基本,きほん,基本をしっかり学びましょう。,きほん を しっかり まなびましょう,,,,
基準,きじゅん,基準を満たしているか確認してください。,きじゅん を みたしている か かくにん してください,,,,
つまらない,つまらない,その映画はつまらなかったです。,その えいが は つまらなかった です,,,,
備える,そなえる,地震に備えて水を用意しました。,じしん に そなえて みず を ようい しました,,,,
準備,じゅんび,旅行の準備をしています。,りょこう の じゅんび を しています,,,,
設計,せっけい,新しい家の設計をしています。,あたらしい いえ の せっけい を しています,,,,
施設,しせつ,この施設はとても広いです。,この しせつ は とても ひろい です,,,,
マッチ,まっち,マッチを擦って火をつけました。,まっち を すって ひ を つけました,,,,
設ける,もうける,会社の利益を設けました。,かいしゃ の りえき を もうけました,,,,
説明,せつめい,新しいプロジェクトの説明をしました。,あたらしい ぷろじぇくと の せつめい を しました,,,,
小説,しょうせつ,彼女は小説を書くのが好きです。,かのじょ は しょうせつ を かく の が すき です,,,,
公開,こうかい,新しい映画が公開されました。,あたらしい えいが が こうかい されました,,,,
公園,こうえん,子供たちは公園で遊んでいます。,こどもたち は こうえん で あそんでいます,,,,
動物園,どうぶつえん,動物園で象を見ました。,どうぶつえん で ぞう を みました,,,,
祭り,まつり,夏に祭りが開かれます。,なつ に まつり が ひらかれます,,,,
国際,こくさい,国際会議が開催されました。,こくさい かいぎ が かいさい されました,,,,
ストーブ,すとーぶ,冬はストーブが必要です。,ふゆ は すとーぶ が ひつよう です,,,,
実際,じっさい,実際に行ってみると良いです。,じっさい に いって みる と いい です,,,,
飛行場,ひこうじょう,飛行場に着きました。,ひこうじょう に つきました,,,,
航空便,こうくうびん,航空便で手紙を送ります。,こうくうびん で てがみ を おくります,,,,
船便,ふなびん,船便で荷物を送りました。,ふなびん で にもつ を おくりました,,,,
ガソリンスタンド,がそりんすたんど,ガソリンスタンドで給油しました。,がそりんすたんど で きゅうゆ しました,,,,
船,ふね,船が港に停泊しています。,ふね が みなと に ていはく しています,,,,
空港,くうこう,空港で友達を迎えました。,くうこう で ともだち を むかえました,,,,
港,みなと,この港はとても賑やかです。,この みなと は とても にぎやか です,,,,
島,しま,この島には多くの観光客が訪れます。,この しま に は おおく の かんこうきゃく が おとずれます,,,,
デート,デート,昨日のデートは楽しかったです。,きのう の でーと は たのしかった です,,,,
完成,かんせい,プロジェクトが完成しました。,ぷろじぇくと が かんせい しました,,,,
平成,へいせい,平成時代に多くの変化がありました。,へいせい じだい に おおく の へんか が ありました,,,,
成功,せいこう,彼の計画は成功しました。,かれ の けいかく は せいこう しました,,,,
原因,げんいん,事故の原因を調べています。,じこ の げんいん を しらべています,,,,
ふすま,ふすま,日本の伝統的なふすまが美しいです。,にほん の でんとうてき な ふすま が うつくしい です,,,,
資金,しきん,新しいプロジェクトのための資金を集めています。,あたらしい ぷろじぇくと の ため の しきん を あつめています,,,,
投資,とうし,彼は不動産に投資しています。,かれ は ふどうさん に とうし しています,,,,
願う,ねがう,成功を心から願っています。,せいこう を こころ から ねがっています,,,,
正確,せいかく,彼の時計は正確です。,かれ の とけい は せいかく です,,,,
レモン,レモン,レモンを紅茶に入れます。,れもん を こうちゃ に いれます,,,,
正しい,ただしい,正しい答えを選んでください。,ただしい こたえ を えらんで ください,,,,
正月,しょうがつ,日本では正月に餅を食べます。,にほん で は しょうがつ に もち を たべます,,,,
正直,しょうじき,彼はとても正直な人です。,かれ は とても しょうじき な ひと です,,,,
異なる,ことなる,文化は国によって異なります。,ぶんか は くに によって ことなります,,,,
チーズ,チーズ,チーズケーキが好きです。,ちーずけーき が すき です,,,,
通常,つうじょう,通常、朝7時に起きます。,つうじょう、あさ しちじ に おきます,,,,
非常に,ひじょうに,彼は非常に優れた学生です。,かれ は ひじょうに すぐれた がくせい です,,,,
調べる,しらべる,インターネットで情報を調べます。,いんたーねっと で じょうほう を しらべます,,,,
強調,きょうちょう,彼は重要な点を強調しました。,かれ は じゅうよう な てん を きょうちょう しました,,,,
ドライブ,ドライブ,週末にドライブに行きました。,しゅうまつ に どらいぶ に いきました,,,,
季節,きせつ,日本には四季があります。,にほん に は しき が あります,,,,
調査,ちょうさ,新しい市場について調査しています。,あたらしい しじょう について ちょうさ しています,,,,
提供,ていきょう,この店はおいしい料理を提供しています。,この みせ は おいしい りょうり を ていきょう しています,,,,
提案,ていあん,新しいアイデアを提案しました。,あたらしい あいであ を ていあん しました,,,,
ラケット,ラケット,新しいテニスラケットを買いました。,あたらしい てにすらけっと を かいました,,,,
案内,あんない,観光地を案内します。,かんこうち を あんない します,,,,
示す,しめす,データが結果を示しています。,でーた が けっか を しめしています,,,,
連れて行く,つれていく,犬を散歩に連れて行きます。,いぬ を さんぽ に つれていきます,,,,
連れて来る,つれてくる,友達を家に連れて来ました。,ともだち を いえ に つれてきました,,,,
スチュワーデス,スチュワーデス,スチュワーデスに飲み物を頼みました。,すちゅわーです に のみもの を たのみました,,,,
続ける,つづける,彼は勉強を続けています。,かれ は べんきょう を つづけています,,,,
相手,あいて,試合で強い相手と戦いました。,しあい で つよい あいて と たたかいました,,,,
会談,かいだん,彼らは平和について会談を行いました。,かれら は へいわ について かいだん を おこないました,,,,
相談,そうだん,彼にアドバイスを相談しました。,かれ に あどばいす を そうだん しました,,,,
テープレコーダー,テープレコーダー,テープレコーダーで会話を録音しました。,てーぷれこーだー で かいわ を ろくおん しました,,,,
記者,きしゃ,記者が彼に質問しました。,きしゃ が かれ に しつもん しました,,,,
記録,きろく,彼の努力は記録に残っています。,かれ の どりょく は きろく に のこっています,,,,
録音,ろくおん,彼女の声を録音しました。,かのじょ の こえ を ろくおん しました,,,,
登る,のぼる,山に登ります。,やま に のぼります,,,,
ひげ,ひげ,彼はひげを剃りました。,かれ は ひげ を そりました,,,,
関する,かんする,この問題に関する資料を集めています。,この もんだい に かんする しりょう を あつめています,,,,
関連,かんれん,このデータは彼の研究に関連しています。,この でーた は かれ の けんきゅう に かんれん しています,,,,
関係,かんけい,彼はこの事件に関係ありません。,かれ は この じけん に かんけい ありません,,,,
状況,じょうきょう,現在の状況を説明してください。,げんざい の じょうきょう を せつめい してください,,,,
ぐっすり,ぐっすり,昨夜はぐっすり眠れました。,さくや は ぐっすり ねむれました,,,,
状態,じょうたい,部屋はきれいな状態に保たれています。,へや は きれい な じょうたい に たもたれています,,,,
治る,なおる,彼の病気は治りました。,かれ の びょうき は なおりました。,,,,
政治,せいじ,彼は政治に関心があります。,かれ は せいじ に かんしん が あります。,,,,
治す,なおす,彼女はけがを治した。,かのじょ は けが を なおした。,,,,
ソース,ソース,この料理には特別なソースを使っています。,この りょうり に は とくべつな ソース を つかっています。,,,,
政府,せいふ,日本の政府はこの問題に取り組んでいます。,にほん の せいふ は この もんだい に とりくんでいます。,,,,
党,とう,彼はその党の支持者です。,かれ は その とう の しじしゃ です。,,,,
対策,たいさく,政府は新しい対策を発表しました。,せいふ は あたらしい たいさく を はっぴょうしました。,,,,
政策,せいさく,新しい経済政策が必要です。,あたらしい けいざい せいさく が ひつよう です。,,,,
タイプライター,タイプライター,昔はタイプライターを使っていました。,むかし は タイプライター を つかっていました。,,,,
選ぶ,えらぶ,私はこの本を選びました。,わたし は この ほん を えらびました。,,,,
選手,せんしゅ,その選手はとても有名です。,その せんしゅ は とても ゆうめい です。,,,,
選挙,せんきょ,来月選挙があります。,らいげつ せんきょ が あります。,,,,
候補,こうほ,彼は次の市長候補です。,かれ は つぎ の しちょう こうほ です。,,,,
トマト,トマト,トマトは赤くておいしいです。,トマト は あかくて おいしい です。,,,,
首相,しゅしょう,首相が演説を行いました。,しゅしょう が えんぜつ を おこないました。,,,,
首都,しゅと,日本の首都は東京です。,にほん の しゅと は とうきょう です。,,,,
改革,かいかく,教育制度の改革が必要です。,きょういく せいど の かいかく が ひつよう です。,,,,
革,かわ,このバッグは本革でできています。,この バッグ は ほんかわ で できています。,,,,
バター,バター,パンにバターを塗りました。,パン に バター を ぬりました。,,,,
命令,めいれい,彼は命令を守りました。,かれ は めいれい を まもりました。,,,,
番組,ばんぐみ,この番組はとても面白いです。,この ばんぐみ は とても おもしろい です。,,,,
組み立てる,くみたてる,彼は家具を組み立てています。,かれ は かぐ を くみたてています。,,,,
組織,そしき,その組織は大きな影響力を持っています。,その そしき は おおきな えいきょうりょく を もっています。,,,,
バレーボール,バレーボール,バレーボールをするのが好きです。,バレーボール を する の が すき です。,,,,
進める,すすめる,プロジェクトを進めましょう。,プロジェクト を すすめましょう。,,,,
進む,すすむ,道をまっすぐ進んでください。,みち を まっすぐ すすんで ください。,,,,
進学,しんがく,彼は大学に進学しました。,かれ は だいがく に しんがく しました。,,,,
拡大,かくだい,画像を拡大してください。,がぞう を かくだい して ください。,,,,
責任,せきにん,私はこの仕事の責任者です。,わたし は この しごと の せきにんしゃ です。,,,,
辞める,やめる,彼は会社を辞めました。,かれ は かいしゃ を やめました。,,,,
辞書,じしょ,日本語の辞書を使っています。,にほんご の じしょ を つかっています。,,,,
通勤,つうきん,毎朝電車で通勤しています。,まいあさ でんしゃ で つうきん して います。,,,,
カレンダー,カレンダー,壁にカレンダーをかけています。,かべ に カレンダー を かけています。,,,,
勤める,つとめる,彼は銀行に勤めています。,かれ は ぎんこう に つとめています。,,,,
事務所,じむしょ,彼は事務所で働いています。,かれ は じむしょ で はたらいています。,,,,
事務室,じむしつ,会議は事務室で行われます。,かいぎ は じむしつ で おこなわれます。,,,,
従来,じゅうらい,従来の方法を見直しました。,じゅうらい の ほうほう を みなおしました。,,,,
ハンドバッグ,ハンドバッグ,新しいハンドバッグを買いました。,あたらしい ハンドバッグ を かいました。,,,,
成績,せいせき,彼は学校で良い成績を取りました。,かれ は がっこう で よい せいせき を とりました。,,,,
集める,あつめる,彼女は切手を集めています。,かのじょ は きって を あつめています。,,,,
集まる,あつまる,人が公園に集まっています。,ひと が こうえん に あつまっています。,,,,
採用,さいよう,彼は新しい会社に採用されました。,かれ は あたらしい かいしゃ に さいよう されました。,,,,
ベル,ベル,ベルが鳴りました。,ベル が なりました。,,,,
給料,きゅうりょう,彼は給料が上がりました。,かれ は きゅうりょう が あがりました。,,,,
卒業,そつぎょう,彼は大学を卒業しました。,かれ は だいがく を そつぎょう しました。,,,,
就職,しゅうしょく,彼は大手企業に就職しました。,かれ は おおて きぎょう に しゅうしょく しました。,,,,
退院,たいいん,彼は昨日病院を退院しました。,かれ は きのう びょういん を たいいん しました。,,,,
インク,インク,このプリンターにはインクが必要です。,この プリンター に は インク が ひつよう です。,,,,
契約,けいやく,新しい契約を結びました。,あたらしい けいやく を むすびました。,,,,
交渉,こうしょう,彼は交渉が上手です。,かれ は こうしょう が じょうず です。,,,,
事件,じけん,その事件はニュースになりました。,その じけん は ニュース に なりました。,,,,
条件,じょうけん,成功の条件を考えています。,せいこう の じょうけん を かんがえています,,,,
クーラー,くーらー,夏にはクーラーが必要です。,なつ に は くーらー が ひつよう です,,,,
参加,さんか,彼は会議に参加しました。,かれ は かいぎ に さんか しました,,,,
増加,ぞうか,人口が増加しています。,じんこう が ぞうか しています,,,,
加える,くわえる,リストに新しい名前を加えました。,りすと に あたらしい なまえ を くわえました,,,,
加工,かこう,この材料は加工されています。,この ざいりょう は かこう されています,,,,
ミルク,みるく,毎朝ミルクを飲みます。,まいあさ みるく を のみます,,,,
比べる,くらべる,彼と自分を比べないでください。,かれ と じぶん を くらべない で ください,,,,
批判,ひはん,彼の意見は批判されています。,かれ の いけん は ひはん されています,,,,
評価,ひょうか,この映画は高く評価されています。,この えいが は たかく ひょうか されています,,,,
対象,たいしょう,この商品は子供が対象です。,この しょうひん は こども が たいしょう です,,,,
サラダ,さらだ,ランチにサラダを食べました。,らんち に さらだ を たべました,,,,
故障,こしょう,車が故障しました。,くるま が こしょう しました,,,,
修理,しゅうり,パソコンを修理しました。,ぱそこん を しゅうり しました,,,,
乗り換える,のりかえる,次の駅で電車を乗り換えます。,つぎ の えき で でんしゃ を のりかえます,,,,
乗り換え,のりかえ,この駅で乗り換えが必要です。,この えき で のりかえ が ひつよう です,,,,
換える,かえる,古い電池を新しいものに換えました。,ふるい でんち を あたらしい もの に かえました,,,,
着替える,きがえる,仕事の後で着替えます。,しごと の あと で きがえます,,,,
被る,かぶる,帽子を被って出かけました。,ぼうし を かぶって でかけました,,,,
破る,やぶる,彼は約束を破りました。,かれ は やくそく を やぶりました,,,,
ベルト,べると,新しいベルトを買いました。,あたらしい べると を かいました,,,,
破れる,やぶれる,紙が破れました。,かみ が やぶれました,,,,
壊す,こわす,彼はおもちゃを壊しました。,かれ は おもちゃ を こわしました,,,,
壊れる,こわれる,テレビが壊れました。,てれび が こわれました,,,,
救急車,きゅうきゅうしゃ,救急車を呼びました。,きゅうきゅうしゃ を よびました,,,,
ラーメン,らーめん,夕食にラーメンを食べました。,ゆうしょく に らーめん を たべました,,,,
助ける,たすける,彼は友達を助けました。,かれ は ともだち を たすけました,,,,
立派,りっぱ,彼は立派な家に住んでいます。,かれ は りっぱ な いえ に すんでいます,,,,
警察,けいさつ,警察に通報しました。,けいさつ に つうほう しました,,,,
ライター,らいたー,新しいライターを買いました。,あたらしい らいたー を かいました,,,,
盗む,ぬすむ,彼は財布を盗まれました。,かれ は さいふ を ぬすまれました,,,,
殺す,ころす,彼は虫を殺しました。,かれ は むし を ころしました,,,,
逮捕,たいほ,彼は逮捕されました。,かれ は たいほ されました,,,,
ワイシャツ,わいしゃつ,新しいワイシャツを着ました。,あたらしい わいしゃつ を きました,,,,
戦争,せんそう,戦争は終わりました。,せんそう は おわりました,,,,
競争,きょうそう,彼は競争に勝ちました。,かれ は きょうそう に かちました,,,,
混む・込む,こむ,この店は混んでいます。,この みせ は こんでいます,,,,
大統領,だいとうりょう,大統領がスピーチをしました。,だいとうりょう が すぴーち を しました,,,,
シャワー,しゃわー,朝にシャワーを浴びます。,あさ に しゃわー を あびます,,,,
捨てる,すてる,彼は古い服を捨てました。,かれ は ふるい ふく を すてました,,,,
拾う,ひろう,道で財布を拾いました。,みち で さいふ を ひろいました,,,,
池,いけ,公園に大きな池があります。,こうえん に おおきな いけ が あります,,,,
電池,でんち,新しい電池を買いました。,あたらしい でんち を かいました,,,,
深い,ふかい,その川はとても深いです。,その かわ は とても ふかい です,,,,
深さ,ふかさ,この池の深さを測ります。,この いけ の ふかさ を はかります,,,,
浅い,あさい,この川は浅いです。,この かわ は あさい です,,,,
落とす,おとす,彼は鍵を落としました。,かれ は かぎ を おとしました,,,,
ごみ,ごみ,ごみを分別してください。,ごみ を ぶんべつ して ください,,,,
泳ぐ,およぐ,夏に海で泳ぎます。,なつ に うみ で およぎます,,,,
水泳,すいえい,彼は水泳が得意です。,かれ は すいえい が とくい です,,,,
流れる,ながれる,川の水が流れています。,かわ の みず が ながれています,,,,
流行る,はやる,この曲は流行っています。,この きょく は はやっています,,,,
スーパーマーケット,スーパーマーケット,スーパーマーケットで果物を買います。,スーパーマーケット で くだもの を かいます,,,,
洗う,あらう,手を洗ってください。,て を あらって ください,,,,
洗面所,せんめんじょ,洗面所で顔を洗います。,せんめんじょ で かお を あらいます,,,,
油,あぶら,料理に油を使います。,りょうり に あぶら を つかいます,,,,
沈む,しずむ,夕日が沈んでいきます。,ゆうひ が しずんでいきます,,,,
ハンカチ,ハンカチ,ハンカチを忘れました。,ハンカチ を わすれました,,,,
久しぶり,ひさしぶり,久しぶりに友達に会いました。,ひさしぶり に ともだち に あいました,,,,
氷,こおり,コップに氷を入れます。,コップ に こおり を いれます,,,,
冷える,ひえる,夜になると冷えます。,よる に なる と ひえます,,,,
冷やす,ひやす,飲み物を冷蔵庫で冷やしました。,のみもの を れいぞうこ で ひやしました,,,,
ビデオテープ,ビデオテープ,古いビデオテープを見つけました。,ふるい ビデオテープ を みつけました,,,,
冷める,さめる,スープが冷めています。,スープ が さめています,,,,
凍る,こおる,湖が凍りました。,みずうみ が こおりました,,,,
冷蔵庫,れいぞうこ,冷蔵庫に牛乳があります。,れいぞうこ に ぎゅうにゅう が あります,,,,
涼しい,すずしい,今日は涼しい天気ですね。,きょう は すずしい てんき です ね,,,,
ぶらぶら,ぶらぶら,公園をぶらぶら歩きました。,こうえん を ぶらぶら あるきました,,,,
汚す,よごす,服を汚してしまいました。,ふく を よごして しまいました,,,,
汚れ,よごれ,この服には汚れがあります。,この ふく に は よごれ が あります,,,,
汚れる,よごれる,靴が汚れました。,くつ が よごれました,,,,
景色,けしき,ここからの景色はとても綺麗です。,ここ から の けしき は とても きれい です,,,,
アナウンサー,アナウンサー,彼はテレビのアナウンサーです。,かれ は テレビ の アナウンサー です,,,,
影響,えいきょう,天気が農業に影響を与えます。,てんき が のうぎょう に えいきょう を あたえます,,,,
太る,ふとる,最近少し太りました。,さいきん すこし ふとりました,,,,
太陽,たいよう,太陽が明るく輝いています。,たいよう が あかるく かがやいています,,,,
スプーン,スプーン,スプーンでスープを飲みます。,スプーン で スープ を のみます,,,,
星,ほし,空にたくさんの星が見えます。,そら に たくさん の ほし が みえます,,,,
地球,ちきゅう,地球は青い惑星です。,ちきゅう は あおい わくせい です,,,,
野球,やきゅう,彼は野球が得意です。,かれ は やきゅう が とくい です,,,,
雲,くも,空に黒い雲があります。,そら に くろい くも が あります,,,,
ブラウス,ブラウス,新しいブラウスを買いました。,あたらしい ブラウス を かいました,,,,
曇り,くもり,今日は曇り空です。,きょう は くもりぞら です,,,,
地震,じしん,昨夜大きな地震がありました。,さくや おおきな じしん が ありました,,,,
震える,ふるえる,寒さで体が震えます。,さむさ で からだ が ふるえます,,,,
振る,ふる,彼は手を振りました。,かれ は て を ふりました,,,,
リボン,リボン,プレゼントにリボンをつけます。,プレゼント に リボン を つけます,,,,
揺れる,ゆれる,地震で家が揺れました。,じしん で いえ が ゆれました,,,,
神社,じんじゃ,神社でお参りをしました。,じんじゃ で おまいり を しました,,,,
秘密,ひみつ,それは秘密にしてください。,それ は ひみつ に してください,,,,
厳しい,きびしい,この学校の規則は厳しいです。,この がっこう の きそく は きびしい です,,,,
年寄り,としより,彼は親切な年寄りです。,かれ は しんせつ な としより です,,,,
歴史,れきし,日本の歴史を勉強しています。,にほん の れきし を べんきょう しています,,,,
世紀,せいき,21世紀は技術の時代です。,21せいき は ぎじゅつ の じだい です,,,,
建設,けんせつ,新しい橋を建設しています。,あたらしい はし を けんせつ しています,,,,
ステレオ,ステレオ,ステレオで音楽を聴いています。,ステレオ で おんがく を きいています,,,,
建物,たてもの,この建物は歴史があります。,この たてもの は れきし が あります,,,,
建つ,たつ,新しい家が建ちました。,あたらしい いえ が たちました,,,,
構成,こうせい,この文章は良く構成されています。,この ぶんしょう は よく こうせい されています,,,,
構造,こうぞう,この建物の構造は複雑です。,この たてもの の こうぞう は ふくざつ です,,,,
フォーク,フォーク,フォークでサラダを食べます。,フォーク で サラダ を たべます,,,,
柱,はしら,この柱は家を支えています。,この はしら は いえ を ささえています,,,,
位置,いち,この建物の位置は便利です。,この たてもの の いち は べんり です,,,,
離婚,りこん,彼らは離婚しました。,かれら は りこん しました,,,,
停車,ていしゃ,電車が停車しました。,でんしゃ が ていしゃ しました,,,,
バス停,ばすてい,バス停で待っています。,ばすてい で まっています,,,,
周辺,しゅうへん,この周辺には店が多いです。,この しゅうへん に は みせ が おおい です,,,,
きらきら,きらきら,星がきらきら輝いています。,ほし が きらきら かがやいています,,,,
黄色,きいろ,彼のシャツは黄色です。,かれ の しゃつ は きいろ です,,,,
横,よこ,本は机の横にあります。,ほん は つくえ の よこ に あります,,,,
横書き,よこがき,日本語を横書きで書きます。,にほんご を よこがき で かきます,,,,
判断,はんだん,彼の判断は正しいです。,かれ の はんだん は ただしい です,,,,
どうぞ,どうぞ,どうぞお入りください。,どうぞ おはいり ください,,,,
断る,ことわる,彼はその提案を断りました。,かれ は その ていあん を ことわりました,,,,
横断歩道,おうだんほどう,横断歩道を渡ります。,おうだんほどう を わたります,,,,
大幅,おおはば,計画が大幅に変更されました。,けいかく が おおはば に へんこう されました,,,,
訪れる,おとずれる,彼は京都を訪れました。,かれ は きょうと を おとずれました,,,,
ネックレス,ねっくれす,彼女にネックレスをプレゼントしました。,かのじょ に ねっくれす を ぷれぜんと しました,,,,
訪ねる,たずねる,友達を訪ねました。,ともだち を たずねました,,,,
冷房,れいぼう,冷房が効いています。,れいぼう が きいています,,,,
暖房,だんぼう,暖房をつけてください。,だんぼう を つけて ください,,,,
文房具,ぶんぼうぐ,文房具店でノートを買いました。,ぶんぼうぐてん で のーと を かいました,,,,
パジャマ,ぱじゃま,寝る前にパジャマに着替えました。,ねる まえ に ぱじゃま に きがえました,,,,
諸国,しょこく,彼は諸国を旅しました。,かれ は しょこく を たびしました,,,,
緑色,みどりいろ,緑色の帽子が好きです。,みどりいろ の ぼうし が すき です,,,,
貿易,ぼうえき,日本は貿易が盛んです。,にほん は ぼうえき が さかん です,,,,
輸入,ゆにゅう,日本は多くの食料を輸入しています。,にほん は おおく の しょくりょう を ゆにゅう しています,,,,
ボールペン,ぼーるぺん,ボールペンで名前を書いてください。,ぼーるぺん で なまえ を かいて ください,,,,
輸出,ゆしゅつ,日本は車を多く輸出しています。,にほん は くるま を おおく ゆしゅつ しています,,,,
指輪,ゆびわ,彼女に指輪を贈りました。,かのじょ に ゆびわ を おくりました,,,,
往復,おうふく,往復の切符を買いました。,おうふく の きっぷ を かいました,,,,
復習,ふくしゅう,授業の内容を復習します。,じゅぎょう の ないよう を ふくしゅう します,,,,
すいか,すいか,夏にはすいかを食べます。,なつ に は すいか を たべます,,,,
繰り返す,くりかえす,彼は質問を繰り返しました。,かれ は しつもん を くりかえしました,,,,
留学,りゅうがく,彼はアメリカに留学しています。,かれ は あめりか に りゅうがく しています,,,,
停留所,ていりゅうじょ,停留所でバスを待っています。,ていりゅうじょ で ばす を まっています,,,,
書留,かきとめ,大事な書類を書留で送ります。,だいじ な しょるい を かきとめ で おくります,,,,
そちら,そちら,そちらに行きます。,そちら に いきます,,,,
守る,まもる,約束を守ります。,やくそく を まもります,,,,
留守,るす,留守中に手紙が届きました。,るすちゅう に てがみ が とどきました,,,,
住宅,じゅうたく,この地域は住宅地です。,この ちいき は じゅうたくち です,,,,
自宅,じたく,彼は自宅にいます。,かれ は じたく に います,,,,
そば,そば,公園のそばに住んでいます。,こうえん の そば に すんでいます,,,,
お宅,おたく,お宅はどちらですか？,おたく は どちら です か,,,,
早起き,はやおき,早起きは健康に良いです。,はやおき は けんこう に よい です,,,,
昼寝,ひるね,昼寝をするのが好きです。,ひるね を する の が すき です,,,,
静か,しずか,図書館は静かです。,としょかん は しずか です,,,,
どっち,どっち,どっちを選びますか？,どっち を えらびます か,,,,
暇,ひま,暇なときに映画を見ます。,ひま な とき に えいが を みます,,,,
趣味,しゅみ,私の趣味は読書です。,わたし の しゅみ は どくしょ です,,,,
両方,りょうほう,両方を買います。,りょうほう を かいます,,,,
両替,りょうがえ,空港で両替をしました。,くうこう で りょうがえ を しました,,,,
バスケットボール,ばすけっとぼーる,バスケットボールが得意です。,ばすけっとぼーる が とくい です,,,,
両親,りょうしん,両親は旅行中です。,りょうしん は りょこうちゅう です,,,,
片道,かたみち,片道のチケットを買いました。,かたみち の ちけっと を かいました,,,,
内側,うちがわ,このドアは内側から開けます。,この どあ は うちがわ から あけます,,,,
向こう側,むこうがわ,川の向こう側に行きたい。,かわ の むこうがわ に いきたい,,,,
サンドイッチ,さんどいっち,昼食にサンドイッチを食べます。,ちゅうしょく に さんどいっち を たべます,,,,
外側,そとがわ,外側のペンキが剥げています。,そとがわ の ぺんき が はげています,,,,
左側,ひだりがわ,左側に公園があります。,ひだりがわ に こうえん が あります,,,,
右側,みぎがわ,右側の道を進んでください。,みぎがわ の みち を すすんでください,,,,
にこにこ,にこにこ,彼女はいつもにこにこしています。,かのじょ は いつも にこにこ しています,,,,
裏返す,うらがえす,紙を裏返してください。,かみ を うらがえして ください,,,,
週刊誌,しゅうかんし,週刊誌を購読しています。,しゅうかんし を こうどく しています,,,,
朝刊,ちょうかん,今朝の朝刊を読みました。,けさ の ちょうかん を よみました,,,,
夕刊,ゆうかん,夕刊がまだ届いていません。,ゆうかん が まだ とどいていません,,,,
ウール,うーる,このセーターはウールでできています。,この せーたー は うーる で できています,,,,
詳しい,くわしい,詳しい説明をお願いします。,くわしい せつめい を おねがいします,,,,
細かい,こまかい,細かいお金がありません。,こまかい おかね が ありません,,,,
細か,こまか,この仕事は細かさが重要です。,この しごと は こまかさ が じゅうよう です,,,,
積もる,つもる,雪が積もっています。,ゆき が つもっています,,,,
コーラ,こーら,コーラを一本ください。,こーら を いっぽん ください,,,,
訳,やく,この文の訳を教えてください。,この ぶん の やく を おしえて ください,,,,
訳す,やくす,彼は日本語を英語に訳しました。,かれ は にほんご を えいご に やくしました,,,,
検討,けんとう,新しい計画を検討しています。,あたらしい けいかく を けんとう しています,,,,
塗る,ぬる,壁にペンキを塗っています。,かべ に ぺんき を ぬっています,,,,
トイレットペーパー,といれっとぺーぱー,トイレットペーパーがなくなりました。,といれっとぺーぱー が なくなりました,,,,
付く,つく,服にシミが付いています。,ふく に しみ が ついています,,,,
付ける,つける,電気を付けてください。,でんき を つけてください,,,,
受け付ける,うけつける,申し込みを受け付けています。,もうしこみ を うけつけています,,,,
片付ける,かたづける,部屋を片付けました。,へや を かたづけました,,,,
どなた,どなた,どなたがこの本を置きましたか。,どなた が この ほん を おきました か,,,,
受付,うけつけ,受付は1階にあります。,うけつけ は いっかい に あります,,,,
近付く,ちかづく,列車が駅に近付いています。,れっしゃ が えき に ちかづいています,,,,
片付く,かたづく,荷物が片付きました。,にもつ が かたづきました,,,,
気を付ける,きをつける,車に気を付けてください。,くるま に きをつけてください,,,,
ハイキング,はいきんぐ,週末にハイキングに行きます。,しゅうまつ に はいきんぐ に いきます,,,,
貼る,はる,壁にポスターを貼りました。,かべ に ぽすたー を はりました,,,,
記念日,きねんび,今日は結婚記念日です。,きょう は けっこん きねんび です,,,,
残念,ざんねん,試合に負けて残念です。,しあい に まけて ざんねん です,,,,
例えば,たとえば,例えば、彼のような人です。,たとえば、かれ の よう な ひと です,,,,
ハム,はむ,サンドイッチにハムを入れました。,さんどいっち に はむ を いれました,,,,
例文,れいぶん,例文を読んでください。,れいぶん を よんでください,,,,
例,れい,例を挙げて説明します。,れい を あげて せつめい します,,,,
余る,あまる,食べ物が余りました。,たべもの が あまりました,,,,
除く,のぞく,不必要な情報を除きます。,ふひつよう な じょうほう を のぞきます,,,,
ボーイフレンド,ぼーいふれんど,彼女にはボーイフレンドがいます。,かのじょ には ぼーいふれんど が います,,,,
削る,けずる,鉛筆を削りました。,えんぴつ を けずりました,,,,
遅刻,ちこく,授業に遅刻しました。,じゅぎょう に ちこく しました,,,,
緩い,ゆるい,このネジは緩いです。,この ねじ は ゆるい です,,,,
苦しい,くるしい,彼は苦しい思いをしました。,かれ は くるしい おもい を しました,,,,
アイロン,あいろん,シャツにアイロンをかけました。,しゃつ に あいろん を かけました,,,,
苦い,にがい,この薬は苦いです。,この くすり は にがい です,,,,
苦手,にがて,数学が苦手です。,すうがく が にがて です,,,,
困る,こまる,宿題が多すぎて困っています。,しゅくだい が おおすぎて こまっています,,,,
貧乏,びんぼう,彼は貧乏だったが、今は成功しています。,かれ は びんぼう だった が、いま は せいこう しています,,,,
カレーライス,カレーライス,カレーライスが好きです。,カレーライス が すき です,,,,
不幸,ふこう,不幸な出来事がありました。,ふこう な できごと が ありました,,,,
幸せ,しあわせ,幸せな時間を過ごしました。,しあわせ な じかん を すごしました,,,,
塩,しお,料理に塩を加えてください。,りょうり に しお を くわえて ください,,,,
塩辛い,しおからい,このスープは少し塩辛いです。,この スープ は すこし しおからい です,,,,
キャッシュカード,キャッシュカード,キャッシュカードを持っていますか。,キャッシュカード を もっています か,,,,
砂糖,さとう,コーヒーに砂糖を入れます。,コーヒー に さとう を いれます,,,,
規模,きぼ,この会社は大規模なプロジェクトを担当しています。,この かいしゃ は だいきぼ な プロジェクト を たんとう しています,,,,
農業,のうぎょう,農業は大切な産業です。,のうぎょう は たいせつ な さんぎょう です,,,,
濃い,こい,このお茶はとても濃いです。,この おちゃ は とても こい です,,,,
イヤリング,イヤリング,彼女のイヤリングは美しいです。,かのじょ の イヤリング は うつくしい です,,,,
薄い,うすい,この布はとても薄いです。,この ぬの は とても うすい です,,,,
厚い,あつい,この本はとても厚いです。,この ほん は とても あつい です,,,,
厚さ,あつさ,このガラスの厚さは5ミリです。,この ガラス の あつさ は 5ミリ です,,,,
迫る,せまる,締め切りが迫っています。,しめきり が せまっています,,,,
ガールフレンド,ガールフレンド,彼には素敵なガールフレンドがいます。,かれ に は すてき な ガールフレンド が います,,,,
伸びる,のびる,彼の背がまた伸びました。,かれ の せ が また のびました,,,,
越える,こえる,山を越えて新しい町に着きました。,やま を こえて あたらしい まち に つきました,,,,
カセットテープ,カセットテープ,昔はカセットテープを使っていました。,むかし は カセットテープ を つかっていました,,,,
追い越す,おいこす,彼は車を追い越しました。,かれ は くるま を おいこしました,,,,
上昇,じょうしょう,物価が上昇しています。,ぶっか が じょうしょう しています,,,,
改札口,かいさつぐち,改札口で待っています。,かいさつぐち で まっています,,,,
失礼,しつれい,彼の行動は失礼でした。,かれ の こうどう は しつれい でした,,,,
かゆい,かゆい,背中がかゆいです。,せなか が かゆい です,,,,
お礼,おれい,プレゼントのお礼を言いました。,プレゼント の おれい を いいました,,,,
謝る,あやまる,彼はすぐに謝りました。,かれ は すぐ に あやまりました,,,,
注射,ちゅうしゃ,注射を打たれました。,ちゅうしゃ を うたれました,,,,
程度,ていど,彼の日本語の程度は中級です。,かれ の にほんご の ていど は ちゅうきゅう です,,,,
ぐらぐら,ぐらぐら,地震で建物がぐらぐら揺れた。,じしん で たてもの が ぐらぐら ゆれた,,,,
誘う,さそう,友達を映画に誘いました。,ともだち を えいが に さそいました,,,,
導入,どうにゅう,新しい制度が導入されました。,あたらしい せいど が どうにゅう されました,,,,
努力,どりょく,彼の努力が実を結びました。,かれ の どりょく が み を むすびました,,,,
怒る,おこる,彼は小さなことで怒ります。,かれ は ちいさな ことで おこります,,,,
ジャム,ジャム,朝食にジャムを食べます。,ちょうしょく に ジャム を たべます,,,,
独身,どくしん,彼は独身です。,かれ は どくしん です,,,,
占める,しめる,この地域が市場の30%を占めています。,この ちいき が しじょう の 30% を しめています,,,,
処理,しょり,データを迅速に処理しました。,データ を じんそく に しょり しました,,,,
紹介,しょうかい,彼を友達に紹介しました。,かれ を ともだち に しょうかい しました,,,,
スリッパ,スリッパ,スリッパを履いてください。,スリッパ を はいて ください,,,,
招く,まねく,彼は家に友達を招きました。,かれ は いえ に ともだち を まねきました,,,,
招待,しょうたい,彼女をパーティーに招待しました。,かのじょ を パーティー に しょうたい しました,,,,
夫婦,ふうふ,彼らは幸せな夫婦です。,かれら は しあわせ な ふうふ です,,,,
奥,おく,部屋の奥に箱があります。,へや の おく に はこ が あります,,,,
トランプ,トランプ,家族でトランプをしました。,かぞく で トランプ を しました,,,,
奥さん,おくさん,彼の奥さんはとても優しいです。,かれ の おくさん は とても やさしい です,,,,
皆さん,みなさん,皆さん、今日はありがとうございました。,みなさん、きょう は ありがとうございました,,,,
皆様,みなさま,皆様にお知らせがあります。,みなさま に おしらせ が あります,,,,
誰か,だれか,誰かこのペンを忘れましたか。,だれか この ペン を わすれました か,,,,
よろしい,よろしい,この席はよろしいですか。,この せき は よろしい です か,,,,
国籍,こくせき,彼の国籍は日本です。,かれ の こくせき は にほん です,,,,
愛,あい,愛は世界を救う。,あい は せかい を すくう,,,,
可愛い,かわいい,その子犬はとても可愛いです。,その こいぬ は とても かわいい です,,,,
恋人,こいびと,彼女は私の恋人です。,かのじょ は わたし の こいびと です,,,,
ラッシュアワー,らっしゅあわー,ラッシュアワーは混んでいます。,らっしゅあわー は こんでいます,,,,
誕生日,たんじょうび,今日は私の誕生日です。,きょう は わたし の たんじょうび です,,,,
祝日,しゅくじつ,今日は祝日です。,きょう は しゅくじつ です,,,,
お祝い,おいわい,彼の成功をお祝いしました。,かれ の せいこう を おいわい しました,,,,
カップ,かっぷ,コーヒーカップをください。,こーひーかっぷ を ください,,,,
泣く,なく,彼女は悲しくて泣いた。,かのじょ は かなしくて ないた,,,,
涙,なみだ,感動して涙が出ました。,かんどうして なみだ が でました,,,,
喜ぶ,よろこぶ,彼はそのニュースに喜んだ。,かれ は その にゅーす に よろこんだ,,,,
恥ずかしい,はずかしい,恥ずかしいので話せません。,はずかしい ので はなせません,,,,
スケート,すけーと,スケートをしに行きましょう。,すけーと を し に いきましょう,,,,
弁当,べんとう,お昼に弁当を食べます。,おひる に べんとう を たべます,,,,
看護婦,かんごふ,看護婦が優しくしてくれました。,かんごふ が やさしくしてくれました,,,,
患者,かんじゃ,患者が病院に来ました。,かんじゃ が びょういん に きました,,,,
述べる,のべる,彼は意見を述べました。,かれ は いけん を のべました,,,,
たくさん,たくさん,たくさんの本があります。,たくさん の ほん が あります,,,,
訴える,うったえる,彼女は会社を訴えた。,かのじょ は かいしゃ を うったえた,,,,
迷う,まよう,道に迷いました。,みち に まよいました,,,,
迷惑,めいわく,迷惑をかけてすみません。,めいわく を かけて すみません,,,,
地域,ちいき,この地域はとても静かです。,この ちいき は とても しずか です,,,,
ピクニック,ぴくにっく,日曜日にピクニックに行きます。,にちようび に ぴくにっく に いきます,,,,
政権,せいけん,新しい政権が誕生しました。,あたらしい せいけん が たんじょうしました,,,,
贈る,おくる,友達にプレゼントを贈った。,ともだち に ぷれぜんと を おくった,,,,
贈り物,おくりもの,この贈り物は彼からです。,この おくりもの は かれ から です,,,,
与える,あたえる,彼はチャンスを与えられた。,かれ は ちゃんす を あたえられた,,,,
貯金,ちょきん,毎月少しずつ貯金しています。,まいつき すこしずつ ちょきん しています,,,,
預ける,あずける,荷物を預けました。,にもつ を あずけました,,,,
預かる,あずかる,子供を一日預かりました。,こども を いちにち あずかりました,,,,
得意,とくい,彼は英語が得意です。,かれ は えいご が とくい です,,,,
どきどき,どきどき,彼は緊張してどきどきしている。,かれ は きんちょうして どきどき している,,,,
燃える,もえる,家が燃えています。,いえ が もえています,,,,
焼ける,やける,パンが焼けました。,ぱん が やけました,,,,
すき焼き,すきやき,すき焼きを食べましょう。,すきやき を たべましょう,,,,
焼く,やく,魚を焼いています。,さかな を やいています,,,,
まあまあ,まあまあ,まあまあ美味しいです。,まあまあ おいしい です,,,,
乾く,かわく,洗濯物が乾きました。,せんたくもの が かわきました,,,,
乾杯,かんぱい,みんなで乾杯しましょう。,みんな で かんぱい しましょう,,,,
乾かす,かわかす,髪を乾かします。,かみ を かわかします,,,,
新幹線,しんかんせん,新幹線で東京へ行きます。,しんかんせん で とうきょう へ いきます,,,,
マフラー,まふらー,寒いのでマフラーをします。,さむい ので まふらー を します,,,,
素晴らしい,すばらしい,素晴らしい景色です。,すばらしい けしき です,,,,
海岸,かいがん,海岸を散歩しました。,かいがん を さんぽ しました,,,,
家庭,かてい,家庭で料理をします。,かてい で りょうり を します,,,,
庭,にわ,庭に花を植えました。,にわ に はな を うえました,,,,
アクセサリー,あくせさりー,新しいアクセサリーを買いました。,あたらしい あくせさりー を かいました,,,,
桜,さくら,桜の花が咲いています。,さくら の はな が さいています,,,,
咲く,さく,花が咲きました。,はな が さきました,,,,
吹く,ふく,風が吹いています。,かぜ が ふいています,,,,
散歩,さんぽ,公園を散歩します。,こうえん を さんぽ します。,,,,
植える,うえる,庭に花を植えました。,にわ に はな を うえました。,,,,
屋根,やね,屋根に雪が積もっています。,やね に ゆき が つもっています。,,,,
黒板,こくばん,黒板に名前を書いてください。,こくばん に なまえ を かいて ください。,,,,
掲示板,けいじばん,掲示板に情報が貼られています。,けいじばん に じょうほう が はられています。,,,,
からから,からから,喉がからからに渇いています。,のど が からから に かわいています。,,,,
葉,は,木の葉が落ちています。,き の は が おちています。,,,,
絵葉書,えはがき,旅行先から絵葉書を送ります。,りょこうさき から えはがき を おくります。,,,,
葉書,はがき,葉書で連絡します。,はがき で れんらく します。,,,,
ふらふら,ふらふら,疲れてふらふらしています。,つかれて ふらふら しています。,,,,
吸う,すう,タバコを吸わないでください。,たばこ を すわないで ください。,,,,
普及,ふきゅう,スマートフォンが普及しています。,すまーとふぉん が ふきゅう しています。,,,,
胃,い,胃が痛いです。,い が いたい です。,,,,
皿,さら,皿を洗います。,さら を あらいます。,,,,
こぼす,こぼす,ジュースをこぼしました。,じゅーす を こぼしました。,,,,
血,ち,手から血が出ています。,て から ち が でています。,,,,
内容,ないよう,この本の内容は難しいです。,この ほん の ないよう は むずかしい です。,,,,
背景,はいけい,絵の背景がとても美しいです。,え の はいけい が とても うつくしい です。,,,,
骨,ほね,魚の骨に気をつけてください。,さかな の ほね に き を つけて ください。,,,,
ランチ,らんち,友達とランチに行きます。,ともだち と らんち に いきます。,,,,
滑る,すべる,氷の上で滑りました。,こおり の うえ で すべりました。,,,,
折れる,おれる,木の枝が折れました。,き の えだ が おれました。,,,,
折る,おる,紙を半分に折ります。,かみ を はんぶん に おります。,,,,
健康,けんこう,健康が一番大事です。,けんこう が いちばん だいじ です。,,,,
レシート,れしーと,レシートを忘れずにお持ちください。,れしーと を わすれず に おもち ください。,,,,
珍しい,めずらしい,珍しい魚を見ました。,めずらしい さかな を みました。,,,,
撮る,とる,友達の写真を撮ります。,ともだち の しゃしん を とります。,,,,
再び,ふたたび,再び会えて嬉しいです。,ふたたび あえて うれしい です。,,,,
再来年,さらいねん,再来年に結婚します。,さらいねん に けっこん します。,,,,
チョーク,ちょーく,チョークで黒板に書きます。,ちょーく で こくばん に かきます。,,,,
再来月,さらいげつ,再来月引っ越します。,さらいげつ ひっこします。,,,,
再来週,さらいしゅう,再来週から新しい仕事です。,さらいしゅう から あたらしい しごと です。,,,,
放送,ほうそう,ニュースを放送します。,にゅーす を ほうそう します。,,,,
装置,そうち,新しい装置を導入しました。,あたらしい そうち を どうにゅう しました。,,,,
ティッシュ,てぃっしゅ,ティッシュを一枚ください。,てぃっしゅ を いちまい ください。,,,,
仮名,かな,日本語の仮名を勉強します。,にほんご の かな を べんきょう します。,,,,
送り仮名,おくりがな,送り仮名を正しく書きましょう。,おくりがな を ただしく かきましょう。,,,,
鏡,かがみ,鏡に映る自分を見ます。,かがみ に うつる じぶん を みます。,,,,
悲しむ,かなしむ,友達の別れを悲しんでいます。,ともだち の わかれ を かなしんでいます。,,,,
ノック,のっく,部屋のドアをノックします。,へや の どあ を のっく します。,,,,
固い,かたい,このパンは固いです。,この ぱん は かたい です。,,,,
美術館,びじゅつかん,美術館で絵を見ました。,びじゅつかん で え を みました。,,,,
美人,びじん,彼女は本当に美人です。,かのじょ は ほんとうに びじん です。,,,,
美容院,びよういん,美容院で髪を切ります。,びよういん で かみ を きります。,,,,
よろしく,よろしく,よろしくお願いします。,よろしく おねがいします。,,,,
博物館,はくぶつかん,博物館で歴史を学びます。,はくぶつかん で れきし を まなびます。,,,,
開催,かいさい,会議が開催されます。,かいぎ が かいさい されます。,,,,
特徴,とくちょう,この商品の特徴は軽さです。,この しょうひん の とくちょう は かるさ です。,,,,
許す,ゆるす,彼のミスを許しました。,かれ の みす を ゆるしました。,,,,
がらがら,がらがら,電車の中はがらがらです。,でんしゃ の なか は がらがら です。,,,,
免許証,めんきょしょう,免許証を提示してください。,めんきょしょう を ていじ してください。,,,,
教師,きょうし,教師は授業を準備しています。,きょうし は じゅぎょう を じゅんび しています.,,,
教授,きょうじゅ,教授が新しい研究を発表しました。,きょうじゅ が あたらしい けんきゅう を はっぴょう しました.,,,
伝える,つたえる,彼のメッセージを伝えました。,かれ の めっせーじ を つたえました.,,,
ぎらぎら,ぎらぎら,太陽がぎらぎら輝いている。,たいよう が ぎらぎら かがやいている.,,,
鳥,とり,公園で鳥を見ました。,こうえん で とり を みました.,,,
鳴る,なる,電話が鳴っています。,でんわ が なって います.,,,
鳴く,なく,鳥が鳴いています。,とり が ないて います.,,,
声,こえ,彼女の声は美しいです。,かのじょ の こえ は うつくしい です.,,,
そっち,そっち,そっちに行きましょう。,そっち に いきましょう.,,,
卵,たまご,朝ごはんに卵を食べました。,あさごはん に たまご を たべました.,,,
犬,いぬ,犬が庭で遊んでいます。,いぬ が にわ で あそんでいます.,,,
馬,うま,牧場で馬を見ました。,ぼくじょう で うま を みました.,,,
駐車場,ちゅうしゃじょう,駐車場は満車です。,ちゅうしゃじょう は まんしゃ です.,,,
ピンポン,ぴんぽん,ピンポンを一緒にやりましょう。,ぴんぽん を いっしょ に やりましょう.,,,
騒ぐ,さわぐ,子供たちが騒いでいます。,こどもたち が さわいで います.,,,
刺す,さす,蚊に刺されました。,か に さされました.,,,
刺身,さしみ,日本料理の中で刺身が一番好きです。,にほんりょうり の なか で さしみ が いちばん すき です.,,,
激しい,はげしい,激しい雨が降っています。,はげしい あめ が ふっています.,,,
ぺこぺこ,ぺこぺこ,お腹がぺこぺこです。,おなか が ぺこぺこ です.,,,
驚く,おどろく,そのニュースに驚きました。,その にゅーす に おどろきました.,,,
倒れる,たおれる,台風で木が倒れました。,たいふう で き が たおれました.,,,
倒す,たおす,彼は敵を倒しました。,かれ は てき を たおしました.,,,
傾向,けいこう,最近は暑い日が多い傾向があります。,さいきん は あつい ひ が おおい けいこう が あります.,,,
ぺらぺら,ぺらぺら,彼女は英語をぺらぺら話します。,かのじょ は えいご を ぺらぺら はなします.,,,
柔道,じゅうどう,柔道を習っています。,じゅうどう を ならって います.,,,
柔らかい,やわらかい,このパンはとても柔らかいです。,この ぱん は とても やわらかい です.,,,
柔らか,やわらか,柔らかな布を使っています。,やわらか な ぬの を つかって います.,,,
主張,しゅちょう,彼の主張は正しいと思います。,かれ の しゅちょう は ただしい と おもいます.,,,
レインコート,れいんこーと,レインコートを着て出かけます。,れいんこーと を きて でかけます.,,,
引っ張る,ひっぱる,彼はロープを引っ張っています。,かれ は ろーぷ を ひっぱって います.,,,
突き当たる,つきあたる,この道をまっすぐ行くと突き当たります。,この みち を まっすぐ いく と つきあたります.,,,
突き当たり,つきあたり,突き当たりに小さな店があります。,つきあたり に ちいさな みせ が あります.,,,
アイス,あいす,暑い日にアイスを食べます。,あつい ひ に あいす を たべます.,,,
弾く,ひく,彼はピアノを弾いています。,かれ は ぴあの を ひいて います.,,,
丸い,まるい,月が丸いです。,つき が まるい です.,,,
丸,まる,紙に丸を書いてください。,かみ に まる を かいて ください.,,,
攻撃,こうげき,チームは攻撃を開始しました。,ちーむ は こうげき を かいし しました.,,,
絶対に,ぜったいに,この秘密を絶対に漏らさないでください。,この ひみつ を ぜったい に もらさないで ください.,,,
消防車,しょうぼうしゃ,消防車が火事現場に向かっています。,しょうぼうしゃ が かじ げんば に むかって います.,,,
嫌,いや,嫌なことはしたくありません。,いや な こと は したく ありません.,,,
大嫌い,だいきらい,私は虫が大嫌いです。,わたし は むし が だいきらい です.,,,
ウィスキー,うぃすきー,ウィスキーを少しだけ飲みます。,うぃすきー を すこし だけ のみます.,,,
大抵,たいてい,大抵は家で料理をします。,たいてい は いえ で りょうり を します.,,,
大勢,おおぜい,会場には大勢の人が集まっています。,かいじょう に は おおぜい の ひと が あつまって います.,,,
姿,すがた,彼女の姿が見えました。,かのじょ の すがた が みえました.,,,
姿勢,しせい,彼の姿勢はとても良いです。,かれ の しせい は とても よい です.,,,
エアメール,えあめーる,エアメールで手紙を送りました。,えあめーる で てがみ を おくりました.,,,
怖い,こわい,その映画はとても怖かったです。,その えいが は とても こわかった です.,,,
糸,いと,糸を針に通します。,いと を はり に とおします.,,,
孫,まご,祖母と孫が仲良く話しています。,そぼ と まご が なかよく はなして います.,,,
シャープペンシル,しゃーぷぺんしる,シャープペンシルで書いてください。,しゃーぷぺんしる で かいて ください.,,,
木綿,もめん,このシャツは木綿でできています。,この シャツ は もめん で できて います。,,,,
偉い,えらい,彼はとても偉い人です。,かれ は とても えらい ひと です。,,,,
爪,つめ,爪を切るのを忘れました。,つめ を きる の を わすれました。,,,,
机,つくえ,机の上に本があります。,つくえ の うえ に ほん が あります。,,,,
セロテープ,セロテープ,セロテープを使ってください。,セロテープ を つかって ください。,,,,
棚,たな,棚に本を置きました。,たな に ほん を おきました。,,,,
本棚,ほんだな,本棚がいっぱいです。,ほんだな が いっぱい です。,,,,
方針,ほうしん,会社の方針が変わりました。,かいしゃ の ほうしん が かわりました。,,,,
釣る,つる,湖で魚を釣りました。,みずうみ で さかな を つりました。,,,,
やけど,やけど,やけどに注意してください。,やけど に ちゅうい して ください。,,,,
お釣り,おつり,お釣りを忘れないでください。,おつり を わすれない で ください。,,,,
鍵,かぎ,鍵をなくしました。,かぎ を なくしました。,,,,
鍋,なべ,鍋にスープを作ります。,なべ に スープ を つくります。,,,,
寿司,すし,寿司を食べに行きましょう。,すし を たべ に いきましょう。,,,,
アイスコーヒー,アイスコーヒー,暑いのでアイスコーヒーを飲みます。,あつい ので アイスコーヒー を のみます。,,,,
泥棒,どろぼう,泥棒が捕まりました。,どろぼう が つかまりました。,,,,
沸く,わく,お湯が沸きました。,おゆ が わきました。,,,,
沸かす,わかす,お湯を沸かしてください。,おゆ を わかして ください。,,,,
洗濯機,せんたくき,洗濯機を新しくしました。,せんたくき を あたらしく しました。,,,,
洗濯,せんたく,洗濯を終えました。,せんたく を おえました。,,,,
濡れる,ぬれる,雨で服が濡れました。,あめ で ふく が ぬれました。,,,,
喫茶店,きっさてん,喫茶店でコーヒーを飲みました。,きっさてん で コーヒー を のみました。,,,,
怠ける,なまける,仕事を怠けてはいけません。,しごと を なまけて は いけません。,,,,
一生懸命,いっしょうけんめい,一生懸命勉強します。,いっしょうけんめい べんきょう します。,,,,
休憩,きゅうけい,少し休憩しましょう。,すこし きゅうけい しましょう。,,,,
天井,てんじょう,天井が高いですね。,てんじょう が たかい です ね。,,,,
納豆,なっとう,納豆は日本の伝統的な食べ物です。,なっとう は にほん の でんとうてき な たべもの です。,,,,
化粧,けしょう,彼女は化粧をしています。,かのじょ は けしょう を して います。,,,,
畑,はたけ,畑で野菜を育てています。,はたけ で やさい を そだてて います。,,,,
炊く,たく,ご飯を炊いています。,ごはん を たいて います。,,,,
ウェートレス,ウェートレス,そのレストランのウェートレスは親切です。,その レストラン の ウェートレス は しんせつ です。,,,,
自炊,じすい,私はいつも自炊します。,わたし は いつも じすい します。,,,,
灰皿,はいざら,灰皿を使ってください。,はいざら を つかって ください。,,,,
灰,はい,灰が飛んでいます。,はい が とんで います。,,,,
灰色,はいいろ,灰色の空ですね。,はいいろ の そら です ね。,,,,
西暦,せいれき,西暦2025年です。,せいれき 2025 ねん です。,,,,
毛,け,猫の毛が落ちています。,ねこ の け が おちて います。,,,,
髪,かみ,髪が長いですね。,かみ が ながい です ね。,,,,
舌,した,舌を出してください。,した を だして ください。,,,,
くし,くし,くしで髪をとかします。,くし で かみ を とかします。,,,,
臭い,くさい,この部屋は臭いです。,この へや は くさい です。,,,,
匂い,におい,花の匂いがします。,はな の におい が します。,,,,
居る,いる,そこに誰かが居ます。,そこ に だれか が います。,,,,
履く,はく,靴を履いてください。,くつ を はいて ください。,,,,
クリーニング,クリーニング,クリーニングに服を出しました。,クリーニング に ふく を だしました。,,,,
扇風機,せんぷうき,夏は扇風機を使います。,なつ は せんぷうき を つかいます。,,,,
豚,ぶた,豚が牧場にいます。,ぶた が ぼくじょう に います。,,,,
豚肉,ぶたにく,豚肉が好きです。,ぶたにく が すき です。,,,,
ごちそう,ごちそう,ごちそうをありがとうございました。,ごちそう を ありがとう ございました。,,,,
鶏,にわとり,鶏が庭を歩いています。,にわとり が にわ を あるいて います。,,,,
腕時計,うでどけい,新しい腕時計を買いました。,あたらしい うでどけい を かいました。,,,,
お菓子,おかし,お菓子を作りました。,おかし を つくりました.,,,
お辞儀,おじぎ,先生にお辞儀をしました。,せんせい に おじぎ を しました.,,,
ごちそうする,ごちそうする,友達に夕食をごちそうしました。,ともだち に ゆうしょく を ごちそう しました.,,,
寝坊,ねぼう,今朝は寝坊してしまいました。,けさ は ねぼう して しまいました.,,,
旗,はた,国の旗を見ました。,くに の はた を みました.,,,
鉛筆,えんぴつ,鉛筆で書いてください。,えんぴつ で かいて ください.,,,
万年筆,まんねんひつ,万年筆を使います。,まんねんひつ を つかいます.,,,
こぼれる,こぼれる,水がこぼれました。,みず が こぼれました.,,,
箱,はこ,この箱に何が入っていますか。,この はこ に なに が はいっています か.,,,
本箱,ほんばこ,本箱から本を取りました。,ほんばこ から ほん を とりました.,,,
手袋,てぶくろ,寒いので手袋をしました。,さむい ので てぶくろ を しました.,,,
袋,ふくろ,この袋にリンゴを入れてください。,この ふくろ に りんご を いれて ください.,,,
財布,さいふ,財布を落としました。,さいふ を おとしました.,,,
毛布,もうふ,毛布を使って寝ました。,もうふ を つかって ねました.,,,
布団,ふとん,布団を敷いて寝ました。,ふとん を しいて ねました.,,,
小包,こづつみ,小包が届きました。,こづつみ が とどきました.,,,
ざあざあ,ざあざあ,雨がざあざあ降っています。,あめ が ざあざあ ふっています.,,,
包む,つつむ,プレゼントを包みました。,ぷれぜんと を つつみました.,,,
飾る,かざる,部屋を花で飾りました。,へや を はな で かざりました.,,,
手帳,てちょう,予定を手帳に書きました。,よてい を てちょう に かきました.,,,
電話帳,でんわちょう,電話帳で番号を調べました。,でんわちょう で ばんごう を しらべました.,,,
ジャガイモ,じゃがいも,ジャガイモを炒めました。,じゃがいも を いためました.,,,
牛乳,ぎゅうにゅう,毎朝牛乳を飲みます。,まいあさ ぎゅうにゅう を のみます.,,,
玄関,げんかん,玄関で靴を脱ぎます。,げんかん で くつ を ぬぎます.,,,
眼鏡,めがね,眼鏡をかけています。,めがね を かけています.,,,
眠い,ねむい,今日はとても眠いです。,きょう は とても ねむい です.,,,
ソファー,そふぁー,ソファーで寝ていました。,そふぁー で ねていました.,,,
眠る,ねむる,赤ちゃんがぐっすり眠っています。,あかちゃん が ぐっすり ねむっています.,,,
封筒,ふうとう,封筒に手紙を入れました。,ふうとう に てがみ を いれました.,,,
出掛ける,でかける,友達と一緒に出掛けます。,ともだち と いっしょ に でかけます.,,,
掛かる,かかる,この仕事には時間が掛かります。,この しごと に は じかん が かかります.,,,
たばこ,たばこ,たばこを吸わないでください。,たばこ を すわないで ください.,,,
掛け算,かけざん,掛け算を教えてください。,かけざん を おしえて ください.,,,
拍手,はくしゅ,拍手をお願いします。,はくしゅ を おねがいします.,,,
掃除,そうじ,部屋を掃除しました。,へや を そうじ しました.,,,
掃く,はく,床を掃きました。,ゆか を はきました.,,,
ちょうど,ちょうど,ちょうど3時になりました。,ちょうど 3じ に なりました.,,,
掃除機,そうじき,掃除機で部屋を掃除しました。,そうじき で へや を そうじ しました.,,,
握る,にぎる,手を握りました。,て を にぎりました.,,,
握手,あくしゅ,彼と握手をしました。,かれ と あくしゅ を しました.,,,
迎える,むかえる,駅で友達を迎えました。,えき で ともだち を むかえました.,,,
ちょっと,ちょっと,ちょっと待ってください。,ちょっと まって ください.,,,
幾つ,いくつ,これは幾つですか。,これは いくつ です か.,,,
幾ら,いくら,これは幾らですか。,これは いくら です か.,,,
冗談,じょうだん,それは冗談ですよ。,それ は じょうだん です よ.,,,
つく,つく,電気がついています。,でんき が ついています.,,,
穴,あな,この服に穴があります。,この ふく に あな が あります.,,,
寂しい,さびしい,一人で寂しいです。,ひとり で さびしい です.,,,
丁寧,ていねい,丁寧に説明してください。,ていねい に せつめい して ください.,,,
可哀相,かわいそう,彼は可哀相な状況です。,かれ は かわいそう な じょうきょう です.,,,
てんぷら,てんぷら,てんぷらが美味しいです。,てんぷら が おいしい です.,,,
怪我,けが,彼は怪我をした。,かれ は けが を した。,,,,
我慢,がまん,我慢するのは難しい。,がまん する の は むずかしい。,,,,
幼稚園,ようちえん,娘は幼稚園に通っています。,むすめ は ようちえん に かよって います。,,,,
とんとん,とんとん,ドアをとんとんと叩いた。,どあ を とんとん と たたいた。,,,,
日陰,ひかげ,日陰で休んでください。,ひかげ で やすんで ください。,,,,
随分,ずいぶん,随分と暑い日ですね。,ずいぶん と あつい ひ です ね。,,,,
頑張る,がんばる,試験のために頑張ります。,しけん の ため に がんばります。,,,,
にんじん,にんじん,にんじんを切ってください。,にんじん を きって ください。,,,,
この頃,このごろ,この頃、忙しいです。,このごろ、いそがしい です。,,,,
消防署,しょうぼうしょ,消防署に電話をしました。,しょうぼうしょ に でんわ を しました。,,,,
尋ねる,たずねる,彼に道を尋ねました。,かれ に みち を たずねました。,,,,
缶詰,かんづめ,缶詰を開けてください。,かんづめ を あけて ください。,,,,
ぬるい,ぬるい,ぬるいお茶を飲みました。,ぬるい おちゃ を のみました。,,,,
缶,かん,缶をリサイクルに出しました。,かん を りさいくる に だしました。,,,,
豆腐,とうふ,豆腐は健康に良いです。,とうふ は けんこう に よい です。,,,,
床,ゆか,床を掃除しました。,ゆか を そうじ しました。,,,,
パーセント,ぱーせんと,セールで20パーセント割引です。,せーる で にじゅう ぱーせんと わりびき です。,,,,
床屋,とこや,床屋で髪を切りました。,とこや で かみ を きりました。,,,,
畳,たたみ,日本の家には畳があります。,にほん の いえ に は たたみ が あります。,,,,
畳む,たたむ,洗濯物を畳みました。,せんたくもの を たたみました。,,,,
干す,ほす,洗濯物を干してください。,せんたくもの を ほして ください。,,,,
ひざ,ひざ,ひざが痛いです。,ひざ が いたい です。,,,,
帽子,ぼうし,帽子をかぶってください。,ぼうし を かぶって ください。,,,,
是非,ぜひ,是非来てください。,ぜひ きて ください。,,,,
敬語,けいご,敬語を使いましょう。,けいご を つかいましょう。,,,,
尊敬,そんけい,彼は尊敬されています。,かれ は そんけい されて います。,,,,
ひじ,ひじ,ひじをついてはいけません。,ひじ を ついて は いけません。,,,,
敷く,しく,布団を敷きました。,ふとん を しくました。,,,,
雷,かみなり,昨夜は雷が鳴っていました。,さくや は かみなり が なって いました。,,,,
零,れい,零から始めます。,れい から はじめます。,,,,
仕舞う,しまう,道具を仕舞いました。,どうぐ を しまいました。,,,,
ひも,ひも,靴のひもを結びました。,くつ の ひも を むすびました。,,,,
踊る,おどる,彼女は踊るのが得意です。,かのじょ は おどる の が とくい です。,,,,
踊り,おどり,日本舞踊を習っています。,にほんぶよう を ならって います。,,,,
踏む,ふむ,間違えて足を踏みました。,まちがえて あし を ふみました。,,,,
踏切,ふみきり,踏切を渡りました。,ふみきり を わたりました。,,,,
まく,まく,種をまきました。,たね を まきました。,,,,
蹴る,ける,ボールを蹴りました。,ぼーる を けりました。,,,,
食堂,しょくどう,学校の食堂で昼食を食べました。,がっこう の しょくどう で ちゅうしょく を たべました。,,,,
猫,ねこ,猫が庭にいます。,ねこ が にわ に います。,,,,
文章,ぶんしょう,この文章を読んでください。,この ぶんしょう を よんで ください。,,,,
やかん,やかん,やかんでお湯を沸かしました。,やかん で おゆ を わかしました。,,,,
丈夫,じょうぶ,この机は丈夫です。,この つくえ は じょうぶ です。,,,,
又,また,また会いましょう。,また あいましょう。,,,,
お祖父さん,おじいさん,お祖父さんと散歩しました。,おじいさん と さんぽ しました。,,,,
ようこそ,ようこそ,我が家へようこそ。,わがや へ ようこそ。,,,,
祖父,そふ,祖父は元気です。,そふ は げんき です。,,,,
祖母,そぼ,祖母と一緒に暮らしています。,そぼ と いっしょ に くらして います。,,,,
邪魔,じゃま,邪魔をしないでください。,じゃま を しない で ください。,,,,
風邪薬,かぜぐすり,風邪薬を飲みました。,かぜぐすり を のみました。,,,,
ウェーター,うぇーたー,ウェーターに注文しました。,うぇーたー に ちゅうもん しました。,,,,
風呂屋,ふろや,私は友達と風呂屋に行きました。,わたし は ともだち と ふろや に いきました。,,,,
風呂,ふろ,毎晩お風呂に入ります。,まいばん おふろ に はいります。,,,,
昭和,しょうわ,昭和時代の映画を見ました。,しょうわ じだい の えいが を みました。,,,,
紫,むらさき,紫の花がきれいです。,むらさき の はな が きれい です。,,,,
そんなに,そんなに,そんなに難しくないです。,そんなに むずかしく ない です。,,,,
紅茶,こうちゃ,紅茶を一杯いかがですか。,こうちゃ を いっぱい いかが です か。,,,,
梅雨,つゆ,梅雨の季節は湿度が高いです。,つゆ の きせつ は しつど が たかい です。,,,,
桃,もも,甘い桃を食べました。,あまい もも を たべました。,,,,
遭う,あう,事故に遭わないよう気をつけてください。,じこ に あわない よう き を つけて ください。,,,,
枕,まくら,この枕は柔らかくて気持ちいいです。,この まくら は やわらかくて きもち いい です。,,,,
嘘,うそ,嘘をついてはいけません。,うそ を ついて は いけません。,,,,
遠慮,えんりょ,どうぞ遠慮なくお召し上がりください。,どうぞ えんりょ なく おめしあがり ください。,,,,
叱る,しかる,母は子供を叱りました。,はは は こども を しかりました。,,,,
傘,かさ,雨の日には傘を持って行きます。,あめ の ひ に は かさ を もって いきます。,,,,
お嬢さん,おじょうさん,お嬢さんはおいくつですか。,おじょうさん は おいくつ です か。,,,,
年賀状,ねんがじょう,年賀状を送りました。,ねんがじょう を おくりました。,,,,
賑やか,にぎやか,この町はいつも賑やかです。,この まち は いつも にぎやか です。,,,,
蚊,か,夏は蚊が多いです。,なつ は か が おおい です。,,,,
拭く,ふく,テーブルを拭いてください。,てーぶる を ふいて ください。,,,,
挨拶,あいさつ,隣人に挨拶しました。,りんじん に あいさつ しました。,,,,
伴う,ともなう,この仕事には危険が伴います。,この しごと に は きけん が ともないます。,,,,
巻く,まく,マフラーを首に巻きました。,まふらー を くび に まきました。,,,,
靴,くつ,新しい靴を買いました。,あたらしい くつ を かいました。,,,,
靴下,くつした,靴下を履くのを忘れました。,くつした を はく の を わすれました。,,,,
磨く,みがく,毎晩歯を磨きます。,まいばん は を みがきます。,,,,
歯磨き,はみがき,歯磨き粉を使います。,はみがきこ を つかいます。,,,,
廊下,ろうか,廊下を走らないでください。,ろうか を はしらない で ください。,,,,
瓶,びん,水を瓶に入れます。,みず を びん に いれます。,,,,
褒める,ほめる,先生が私を褒めてくれました。,せんせい が わたし を ほめて くれました。,,,,
元旦,がんたん,元旦に初詣に行きます。,がんたん に はつもうで に いきます。,,,,
袖,そで,袖が汚れています。,そで が よごれています。,,,,
長袖,ながそで,長袖のシャツを着ました。,ながそで の しゃつ を きました。,,,,
半袖,はんそで,今日は半袖がちょうどいいです。,きょう は はんそで が ちょうど いい です。,,,,
馬鹿,ばか,馬鹿なことを言わないでください。,ばか な こと を いわない で ください。,,,,
凄い,すごい,凄い景色ですね。,すごい けしき です ね。,,,,
剃る,そる,髭を剃りました。,ひげ を そりました。,,,,
喧嘩,けんか,兄弟が喧嘩しました。,きょうだい が けんか しました。,,,,
叩く,たたく,ドアを叩きました。,どあ を たたきました。,,,,
噛む,かむ,犬が骨を噛んでいます。,いぬ が ほね を かんでいます。,,,,
味噌汁,みそしる,朝食に味噌汁を飲みました。,ちょうしょく に みそしる を のみました。,,,,
姪,めい,姪が遊びに来ました。,めい が あそび に きました。,,,,
苺,いちご,苺が甘くて美味しいです。,いちご が あまくて おいしい です。,,,,
茄子,なす,茄子を焼きました。,なす を やきました。,,,,
逢う,あう,久しぶりに友人に逢いました。,ひさしぶり に ゆうじん に あいました。,,,,
椅子,いす,この椅子はとても座り心地がいいです。,この いす は とても すわりごこち が いい です。,,,,
痩せる,やせる,彼女はダイエットで痩せました。,かのじょ は だいえっと で やせました。,,,,
箸,はし,箸を使うのが上手ですね。,はし を つかう の が じょうず です ね。,,,,
糊,のり,糊で紙を貼りました。,のり で かみ を はりました。,,,,
醤油,しょうゆ,醤油を料理に加えました。,しょうゆ を りょうり に くわえました。,,,,
鋏,はさみ,この鋏はよく切れます。,この はさみ は よく きれます。,,,,
鞄,かばん,新しい鞄を買いました。,あたらしい かばん を かいました。,,,,
顎,あご,顎が痛くなった。,あご が いたく なった。,,,,
飴,あめ,子供に飴をあげた。,こども に あめ を あげた。,,,,
石鹸,せっけん,手を石鹸で洗ってください。,て を せっけん で あらって ください。,,,,
一時,いちじ,一時休憩を取ります。,いちじ きゅうけい を とります。,,,,
月日,つきひ,月日が経つのは早い。,つきひ が たつ の は はやい。,,,,
金もうけ,かねもうけ,金もうけの話を聞いた。,かねもうけ の はなし を きいた。,,,,
先に,さきに,先に行ってください。,さき に いって ください。,,,,
先日,せんじつ,先日お会いしました。,せんじつ お あい しました。,,,,
今日,きょう,今日は暑いですね。,きょう は あつい です ね。,,,,
今ごろ,いまごろ,今ごろ何をしているの？,いまごろ なに を している の？,,,,
ケース,ケース,このケースに入れてください。,この ケース に いれて ください。,,,,
今にも,いまにも,今にも雨が降りそうです。,いまにも あめ が ふりそう です。,,,,
今に,いまに,今に分かるでしょう。,いまに わかる でしょう。,,,,
行き来,いきき,彼は頻繁に行き来しています。,かれ は ひんぱん に いきき しています。,,,,
行,ぎょう,この行を読みます。,この ぎょう を よみます。,,,,
帰す,かえす,彼を家に帰しました。,かれ を いえ に かえしました。,,,,
大いに,おおいに,この問題は大いに重要です。,この もんだい は おおいに じゅうよう です。,,,,
大げさ,おおげさ,彼は大げさに話します。,かれ は おおげさ に はなします。,,,,
イメージ,イメージ,そのイメージは良いですね。,その イメージ は よい です ね。,,,,
大水,おおみず,大水が家を襲った。,おおみず が いえ を おそった。,,,,
水中,すいちゅう,水中で泳ぐのは楽しい。,すいちゅう で およぐ の は たのしい。,,,,
小,しょう,小さな問題が発生した。,ちいさな もんだい が はっせい した。,,,,
少なくとも,すくなくとも,少なくとも10人が参加します。,すくなくとも じゅうにん が さんか します。,,,,
少々,しょうしょう,少々お待ちください。,しょうしょう おまち ください。,,,,
上がる,あがる,エレベーターが上がります。,エレベーター が あがります。,,,,
上がる,あがる,株価が上がった。,かぶか が あがった。,,,,
せい,せい,彼のせいで遅れた。,かれ の せい で おくれた。,,,,
上,うえ,上を見てください。,うえ を みて ください。,,,,
下さる,くださる,先生が本をくださいました。,せんせい が ほん を くださいました。,,,,
下水,げすい,下水処理が必要です。,げすい しょり が ひつよう です。,,,,
上下,じょうげ,この部品は上下に動きます。,この ぶひん は じょうげ に うごきます。,,,,
上下,じょうげ,上下関係が厳しい。,じょうげ かんけい が きびしい。,,,,
下,した,机の下に猫がいる。,つくえ の した に ねこ が いる。,,,,
左右,さゆう,左右を確認してください。,さゆう を かくにん してください。,,,,
いつも,いつも,いつもありがとう。,いつも ありがとう。,,,,
四方,しほう,四方を山に囲まれている。,しほう を やま に かこまれて いる。,,,,
方々,ほうぼう,方々から情報を集めました。,ほうぼう から じょうほう を あつめました。,,,,
大人,おとな,彼はとても大人っぽい。,かれ は とても おとなっぽい。,,,,
外出,がいしゅつ,午後に外出します。,ごご に がいしゅつ します。,,,,
内,うち,内に秘めた思い。,うち に ひめた おもい。,,,,
週休,しゅうきゅう,週休2日制です。,しゅうきゅう ふつかせい です。,,,,
一体,いったい,一体何があったの？,いったい なに が あった の？,,,,
きっかけ,きっかけ,きっかけは偶然だった。,きっかけ は ぐうぜん だった。,,,,
出力,しゅつりょく,このプリンターは高速で出力します。,この プリンター は こうそく で しゅつりょく します。,,,,
火力,かりょく,火力発電は重要です。,かりょく はつでん は じゅうよう です。,,,,
水力,すいりょく,水力発電を利用しています。,すいりょく はつでん を りよう しています。,,,,
口げんか,くちげんか,兄弟が口げんかをした。,きょうだい が くちげんか を した。,,,,
大手,おおて,大手企業に就職した。,おおて きぎょう に しゅうしょく した。,,,,
足下,あしもと,足下に注意してください。,あしもと に ちゅうい してください。,,,,
火山,かざん,火山が噴火した。,かざん が ふんか した。,,,,
すっかり,すっかり,すっかり忘れていた。,すっかり わすれて いた。,,,,